snapshot_id,provider_event_id,game_id,commence_time_utc,bookmaker_key,bookmaker_title,bookmaker_group,market,selection,point,canonical_line,american_price,decimal_price,implied_probability,vig_free_probability,overround,last_update_utc,source,retrieved_at_utc,source_updated_at_utc,schema_version,content_hash
c79b525a-aad1-422f-9d99-01aa2a47ad0d,5ad8135dc2b5f27de0b777acd317855a,2026_01_DEN_KC,2026-09-15T00:15:00Z,draftkings,DraftKings,retail,spreads,AWAY,2.5,2.5,-112,1.8928571428571428,0.5283018867924528,0.5043297540699689,1.0475326560232219,2026-09-14T23:46:03Z,the-odds-api,2026-09-14T23:46:08.924153Z,2026-09-14T23:46:03Z,1.1.0,cd8d6763f6a519838686b54a98c52fe76c5f91076506844dee69157b70265679
c79b525a-aad1-422f-9d99-01aa2a47ad0d,5ad8135dc2b5f27de0b777acd317855a,2026_01_DEN_KC,2026-09-15T00:15:00Z,draftkings,DraftKings,retail,spreads,HOME,-2.5,2.5,-108,1.925925925925926,0.5192307692307692,0.4956702459300312,1.0475326560232219,2026-09-14T23:46:03Z,the-odds-api,2026-09-14T23:46:08.924153Z,2026-09-14T23:46:03Z,1.1.0,4381003c718f657a34d15a1c515b1a2ebacba01dfdab6e54ac65c34cc39f1872
c79b525a-aad1-422f-9d99-01aa2a47ad0d,5ad8135dc2b5f27de0b777acd317855a,2026_01_DEN_KC,2026-09-15T00:15:00Z,draftkings,DraftKings,retail,totals,OVER,42.5,42.5,-110,1.9090909090909092,0.5238095238095238,0.5,1.0476190476190477,2026-09-14T23:46:03Z,the-odds-api,2026-09-14T23:46:08.924153Z,2026-09-14T23:46:03Z,1.1.0,d805517d5bec77bf3be8f48b04ddc755e659c6dfa0795d82412e5245029758d4
c79b525a-aad1-422f-9d99-01aa2a47ad0d,5ad8135dc2b5f27de0b777acd317855a,2026_01_DEN_KC,2026-09-15T00:15:00Z,draftkings,DraftKings,retail,totals,UNDER,42.5,42.5,-110,1.9090909090909092,0.5238095238095238,0.5,1.0476190476190477,2026-09-14T23:46:03Z,the-odds-api,2026-09-14T23:46:08.924153Z,2026-09-14T23:46:03Z,1.1.0,f615bb57bf999793cbe0ff3f9510fcdf196ee579ef944de5561cf6023d0ca2ae
c79b525a-aad1-422f-9d99-01aa2a47ad0d,5ad8135dc2b5f27de0b777acd317855a,2026_01_DEN_KC,2026-09-15T00:15:00Z,fanduel,FanDuel,retail,spreads,AWAY,2.5,2.5,-118,1.847457627118644,0.5412844036697247,0.5149751839808318,1.0510883252383523,2026-09-14T23:46:04Z,the-odds-api,2026-09-14T23:46:08.924153Z,2026-09-14T23:46:04Z,1.1.0,41fa2de6f0e92ec844d573758e31e281121c02339cbd9a5c549a026c01075585
c79b525a-aad1-422f-9d99-01aa2a47ad0d,5ad8135dc2b5f27de0b777acd317855a,2026_01_DEN_KC,2026-09-15T00:15:00Z,fanduel,FanDuel,retail,spreads,HOME,-2.5,2.5,-104,1.9615384615384617,0.5098039215686274,0.4850248160191682,1.0510883252383523,2026-09-14T23:46:04Z,the-odds-api,2026-09-14T23:46:08.924153Z,2026-09-14T23:46:04Z,1.1.0,711c30cd9ddebbff31ee2621114942620158cf00647b5f3f5b34cc529c30d696
c79b525a-aad1-422f-9d99-01aa2a47ad0d,5ad8135dc2b5f27de0b777acd317855a,2026_01_DEN_KC,2026-09-15T00:15:00Z,fanduel,FanDuel,retail,totals,OVER,42.5,42.5,-112,1.8928571428571428,0.5283018867924528,0.5043297540699689,1.0475326560232219,2026-09-14T23:46:04Z,the-odds-api,2026-09-14T23:46:08.924153Z,2026-09-14T23:46:04Z,1.1.0,7b1604121507615f9ef348a391056b74150eea5cd45e77384f37452079dbe126
c79b525a-aad1-422f-9d99-01aa2a47ad0d,5ad8135dc2b5f27de0b777acd317855a,2026_01_DEN_KC,2026-09-15T00:15:00Z,fanduel,FanDuel,retail,totals,UNDER,42.5,42.5,-108,1.925925925925926,0.5192307692307692,0.4956702459300312,1.0475326560232219,2026-09-14T23:46:04Z,the-odds-api,2026-09-14T23:46:08.924153Z,2026-09-14T23:46:04Z,1.1.0,353d773b820ce2cfcdbb4cab937a4bee6e65e0b76ac3b30e036fc0b3adc150cb
c79b525a-aad1-422f-9d99-01aa2a47ad0d,5ad8135dc2b5f27de0b777acd317855a,2026_01_DEN_KC,2026-09-15T00:15:00Z,betmgm,BetMGM,retail,spreads,AWAY,2.5,2.5,-118,1.847457627118644,0.5412844036697247,0.5082034454470877,1.0650939274792486,2026-09-14T23:46:04Z,the-odds-api,2026-09-14T23:46:08.924153Z,2026-09-14T23:46:04Z,1.1.0,f5d59cb315f2af7ad668165714714b516db3d884efcc1c1e7e8566e5f246c6b8
c79b525a-aad1-422f-9d99-01aa2a47ad0d,5ad8135dc2b5f27de0b777acd317855a,2026_01_DEN_KC,2026-09-15T00:15:00Z,betmgm,BetMGM,retail,spreads,HOME,-2.5,2.5,-110,1.9090909090909092,0.5238095238095238,0.49179655455291227,1.0650939274792486,2026-09-14T23:46:04Z,the-odds-api,2026-09-14T23:46:08.924153Z,2026-09-14T23:46:04Z,1.1.0,b8edebc27c157dede1ed957ca0c16476bbd0c99e0f495434b8d546e6bdae6710
c79b525a-aad1-422f-9d99-01aa2a47ad0d,5ad8135dc2b5f27de0b777acd317855a,2026_01_DEN_KC,2026-09-15T00:15:00Z,betmgm,BetMGM,retail,totals,OVER,42.5,42.5,-120,1.8333333333333335,0.5454545454545454,0.5101214574898786,1.0692640692640691,2026-09-14T23:46:04Z,the-odds-api,2026-09-14T23:46:08.924153Z,2026-09-14T23:46:04Z,1.1.0,6d23558a54d51133d136aeb71b12bba389679fbf4e9f4b7adca0e33d5699ef62
c79b525a-aad1-422f-9d99-01aa2a47ad0d,5ad8135dc2b5f27de0b777acd317855a,2026_01_DEN_KC,2026-09-15T00:15:00Z,betmgm,BetMGM,retail,totals,UNDER,42.5,42.5,-110,1.9090909090909092,0.5238095238095238,0.48987854251012153,1.0692640692640691,2026-09-14T23:46:04Z,the-odds-api,2026-09-14T23:46:08.924153Z,2026-09-14T23:46:04Z,1.1.0,738d16d7a6c823e0e2ece0dcf1400837058914ff1702d0dd4f2934bce1588fcd
c79b525a-aad1-422f-9d99-01aa2a47ad0d,5ad8135dc2b5f27de0b777acd317855a,2026_01_DEN_KC,2026-09-15T00:15:00Z,pinnacle,Pinnacle,anchor,spreads,AWAY,2.0,2.0,-114,1.8771929824561404,0.5327102803738317,0.5195545777019441,1.0253211178122554,2026-09-14T23:46:03Z,the-odds-api,2026-09-14T23:46:08.924153Z,2026-09-14T23:46:03Z,1.1.0,0791a964188a25b08677f0ee6df217c104b7d88ea52c9f9d6465afe970fd63f9
c79b525a-aad1-422f-9d99-01aa2a47ad0d,5ad8135dc2b5f27de0b777acd317855a,2026_01_DEN_KC,2026-09-15T00:15:00Z,pinnacle,Pinnacle,anchor,spreads,HOME,-2.0,2.0,103,2.0300000000000002,0.4926108374384236,0.4804454222980557,1.0253211178122554,2026-09-14T23:46:03Z,the-odds-api,2026-09-14T23:46:08.924153Z,2026-09-14T23:46:03Z,1.1.0,1744bc4c8d26149e8822a00f9875557d38bd5c46302bf16f942343ea53b44114
c79b525a-aad1-422f-9d99-01aa2a47ad0d,5ad8135dc2b5f27de0b777acd317855a,2026_01_DEN_KC,2026-09-15T00:15:00Z,pinnacle,Pinnacle,anchor,totals,OVER,43.0,43.0,101,2.01,0.49751243781094534,0.4829173624588166,1.0302227181847772,2026-09-14T23:46:03Z,the-odds-api,2026-09-14T23:46:08.924153Z,2026-09-14T23:46:03Z,1.1.0,63d0adfbc81bc9b4528266af713511c6399cf22f5d2a46291c08b453e7c59f21
c79b525a-aad1-422f-9d99-01aa2a47ad0d,5ad8135dc2b5f27de0b777acd317855a,2026_01_DEN_KC,2026-09-15T00:15:00Z,pinnacle,Pinnacle,anchor,totals,UNDER,43.0,43.0,-114,1.8771929824561404,0.5327102803738317,0.5170826375411832,1.0302227181847772,2026-09-14T23:46:03Z,the-odds-api,2026-09-14T23:46:08.924153Z,2026-09-14T23:46:03Z,1.1.0,59b3dd3cdf319bd4b6d0be4c96acfb8f8be03c699602dce76273c227ac0ea200
c79b525a-aad1-422f-9d99-01aa2a47ad0d,56e8897681915f7ec92baeee952bb1ae,2026_02_DET_BUF,2026-09-18T00:15:00Z,draftkings,DraftKings,retail,spreads,HOME,-4.5,4.5,-108,1.925925925925926,0.5192307692307692,0.4956702459300312,1.0475326560232219,2026-09-14T23:46:03Z,the-odds-api,2026-09-14T23:46:08.924153Z,2026-09-14T23:46:03Z,1.1.0,4f51f3c22baebb2681b066be2a04d29b43cbd4c72bcfffe4a4dfb9a231c6b8b5
c79b525a-aad1-422f-9d99-01aa2a47ad0d,56e8897681915f7ec92baeee952bb1ae,2026_02_DET_BUF,2026-09-18T00:15:00Z,draftkings,DraftKings,retail,spreads,AWAY,4.5,4.5,-112,1.8928571428571428,0.5283018867924528,0.5043297540699689,1.0475326560232219,2026-09-14T23:46:03Z,the-odds-api,2026-09-14T23:46:08.924153Z,2026-09-14T23:46:03Z,1.1.0,e6f73d4b5c0b7ddc9774ec317d58ddb314778950b2622b0b2e580b6140f40770
c79b525a-aad1-422f-9d99-01aa2a47ad0d,56e8897681915f7ec92baeee952bb1ae,2026_02_DET_BUF,2026-09-18T00:15:00Z,draftkings,DraftKings,retail,totals,OVER,53.5,53.5,-115,1.8695652173913042,0.5348837209302326,0.5108342361863489,1.0470788428814521,2026-09-14T23:46:03Z,the-odds-api,2026-09-14T23:46:08.924153Z,2026-09-14T23:46:03Z,1.1.0,92d290c4de058ede57bf3df2436717ae7cd0c973aa613cbc318242141a97d2b4
c79b525a-aad1-422f-9d99-01aa2a47ad0d,56e8897681915f7ec92baeee952bb1ae,2026_02_DET_BUF,2026-09-18T00:15:00Z,draftkings,DraftKings,retail,totals,UNDER,53.5,53.5,-105,1.9523809523809523,0.5121951219512195,0.4891657638136511,1.0470788428814521,2026-09-14T23:46:03Z,the-odds-api,2026-09-14T23:46:08.924153Z,2026-09-14T23:46:03Z,1.1.0,0d67f1a874268e53903e3909a258ad2839e4f33e0afb95a353f3aa19d37fd3c6
c79b525a-aad1-422f-9d99-01aa2a47ad0d,56e8897681915f7ec92baeee952bb1ae,2026_02_DET_BUF,2026-09-18T00:15:00Z,fanduel,FanDuel,retail,spreads,HOME,-4.5,4.5,-105,1.9523809523809523,0.5121951219512195,0.4891657638136511,1.0470788428814521,2026-09-14T23:46:04Z,the-odds-api,2026-09-14T23:46:08.924153Z,2026-09-14T23:46:04Z,1.1.0,c628bd8a3149ea409fd2b463743cbb1688ae862b1e925a4fd5c16e85afdf5514
c79b525a-aad1-422f-9d99-01aa2a47ad0d,56e8897681915f7ec92baeee952bb1ae,2026_02_DET_BUF,2026-09-18T00:15:00Z,fanduel,FanDuel,retail,spreads,AWAY,4.5,4.5,-115,1.8695652173913042,0.5348837209302326,0.5108342361863489,1.0470788428814521,2026-09-14T23:46:04Z,the-odds-api,2026-09-14T23:46:08.924153Z,2026-09-14T23:46:04Z,1.1.0,781344f890047c8fdcd68f51b273a46ba56159b28c73ffc4b180676f6b54904f
c79b525a-aad1-422f-9d99-01aa2a47ad0d,56e8897681915f7ec92baeee952bb1ae,2026_02_DET_BUF,2026-09-18T00:15:00Z,fanduel,FanDuel,retail,totals,OVER,53.5,53.5,-115,1.8695652173913042,0.5348837209302326,0.5108342361863489,1.0470788428814521,2026-09-14T23:46:04Z,the-odds-api,2026-09-14T23:46:08.924153Z,2026-09-14T23:46:04Z,1.1.0,27ef56247520f4cfdc8e4eeefcb78a3eb22dc34c16a35a09bcee268fa255708b
c79b525a-aad1-422f-9d99-01aa2a47ad0d,56e8897681915f7ec92baeee952bb1ae,2026_02_DET_BUF,2026-09-18T00:15:00Z,fanduel,FanDuel,retail,totals,UNDER,53.5,53.5,-105,1.9523809523809523,0.5121951219512195,0.4891657638136511,1.0470788428814521,2026-09-14T23:46:04Z,the-odds-api,2026-09-14T23:46:08.924153Z,2026-09-14T23:46:04Z,1.1.0,ede9c932b149e2bfca4fa8863625dbdfe2676d4d46dad59d691926245ddf0394
c79b525a-aad1-422f-9d99-01aa2a47ad0d,56e8897681915f7ec92baeee952bb1ae,2026_02_DET_BUF,2026-09-18T00:15:00Z,betmgm,BetMGM,retail,spreads,HOME,-4.5,4.5,-108,1.925925925925926,0.5192307692307692,0.4978050921861282,1.0430402930402929,2026-09-14T23:46:04Z,the-odds-api,2026-09-14T23:46:08.924153Z,2026-09-14T23:46:04Z,1.1.0,b64741de48a0d3a842b5210986784b65c4f8c0bae47ed2ffda9c1ebdcddd0e89
c79b525a-aad1-422f-9d99-01aa2a47ad0d,56e8897681915f7ec92baeee952bb1ae,2026_02_DET_BUF,2026-09-18T00:15:00Z,betmgm,BetMGM,retail,spreads,AWAY,4.5,4.5,-110,1.9090909090909092,0.5238095238095238,0.5021949078138719,1.0430402930402929,2026-09-14T23:46:04Z,the-odds-api,2026-09-14T23:46:08.924153Z,2026-09-14T23:46:04Z,1.1.0,8d2832d9ebcb60f3083eb54fe0450d0c60bded046c7a86a396b23139427b4bff
c79b525a-aad1-422f-9d99-01aa2a47ad0d,56e8897681915f7ec92baeee952bb1ae,2026_02_DET_BUF,2026-09-18T00:15:00Z,betmgm,BetMGM,retail,totals,OVER,53.5,53.5,-110,1.9090909090909092,0.5238095238095238,0.5021949078138719,1.0430402930402929,2026-09-14T23:46:04Z,the-odds-api,2026-09-14T23:46:08.924153Z,2026-09-14T23:46:04Z,1.1.0,8aff6271e249266c4f25e1d8dff40b05c2874f18905552a68c7f7e0961429fe7
c79b525a-aad1-422f-9d99-01aa2a47ad0d,56e8897681915f7ec92baeee952bb1ae,2026_02_DET_BUF,2026-09-18T00:15:00Z,betmgm,BetMGM,retail,totals,UNDER,53.5,53.5,-108,1.925925925925926,0.5192307692307692,0.4978050921861282,1.0430402930402929,2026-09-14T23:46:04Z,the-odds-api,2026-09-14T23:46:08.924153Z,2026-09-14T23:46:04Z,1.1.0,702852cf5b359e4e7578ce1b02ef511ea4ec5b0584a2c4baffbb1580101ac610
c79b525a-aad1-422f-9d99-01aa2a47ad0d,56e8897681915f7ec92baeee952bb1ae,2026_02_DET_BUF,2026-09-18T00:15:00Z,pinnacle,Pinnacle,anchor,spreads,HOME,-4.5,4.5,-104,1.9615384615384617,0.5098039215686274,0.49541956760718214,1.0290346907993966,2026-09-14T23:46:03Z,the-odds-api,2026-09-14T23:46:08.924153Z,2026-09-14T23:46:03Z,1.1.0,c5c78f3edc2bade9a0a119f54d3a8e2433008d3efff2553e50b81c8508d606ed
c79b525a-aad1-422f-9d99-01aa2a47ad0d,56e8897681915f7ec92baeee952bb1ae,2026_02_DET_BUF,2026-09-18T00:15:00Z,pinnacle,Pinnacle,anchor,spreads,AWAY,4.5,4.5,-108,1.925925925925926,0.5192307692307692,0.5045804323928179,1.0290346907993966,2026-09-14T23:46:03Z,the-odds-api,2026-09-14T23:46:08.924153Z,2026-09-14T23:46:03Z,1.1.0,f93cc7ca2e87e17916b97256e95426dd51b08eef2866e2014c798bcbdb8b0dc7
c79b525a-aad1-422f-9d99-01aa2a47ad0d,56e8897681915f7ec92baeee952bb1ae,2026_02_DET_BUF,2026-09-18T00:15:00Z,pinnacle,Pinnacle,anchor,totals,OVER,54.0,54.0,102,2.02,0.49504950495049505,0.47672950498497985,1.0384285003842848,2026-09-14T23:46:03Z,the-odds-api,2026-09-14T23:46:08.924153Z,2026-09-14T23:46:03Z,1.1.0,c008fd7ddd0e9859e6f888028fe7154608b17e1d5d3622e43fb324a71d96cc42
c79b525a-aad1-422f-9d99-01aa2a47ad0d,56e8897681915f7ec92baeee952bb1ae,2026_02_DET_BUF,2026-09-18T00:15:00Z,pinnacle,Pinnacle,anchor,totals,UNDER,54.0,54.0,-119,1.8403361344537816,0.5433789954337899,0.5232704950150202,1.0384285003842848,2026-09-14T23:46:03Z,the-odds-api,2026-09-14T23:46:08.924153Z,2026-09-14T23:46:03Z,1.1.0,4e7f55810f30c715a56cbf2367329423b5085bee05a887eb369bff1a4787bee2
c79b525a-aad1-422f-9d99-01aa2a47ad0d,aee7eae1849ebb103b9bf233e9741392,2026_02_CAR_ATL,2026-09-20T17:00:00Z,draftkings,DraftKings,retail,spreads,HOME,1.5,-1.5,-112,1.8928571428571428,0.5283018867924528,0.5043297540699689,1.0475326560232219,2026-09-14T23:46:03Z,the-odds-api,2026-09-14T23:46:08.924153Z,2026-09-14T23:46:03Z,1.1.0,0d839c3869c8ce2b0dacee75b225a809c794425c089ccf54b3c3936c8705ac6c
c79b525a-aad1-422f-9d99-01aa2a47ad0d,aee7eae1849ebb103b9bf233e9741392,2026_02_CAR_ATL,2026-09-20T17:00:00Z,draftkings,DraftKings,retail,spreads,AWAY,-1.5,-1.5,-108,1.925925925925926,0.5192307692307692,0.4956702459300312,1.0475326560232219,2026-09-14T23:46:03Z,the-odds-api,2026-09-14T23:46:08.924153Z,2026-09-14T23:46:03Z,1.1.0,25dc30b3bcc8f0a75e37911d2efefc913abc4944218197fb3251ce6bbb716657
c79b525a-aad1-422f-9d99-01aa2a47ad0d,aee7eae1849ebb103b9bf233e9741392,2026_02_CAR_ATL,2026-09-20T17:00:00Z,draftkings,DraftKings,retail,totals,OVER,44.5,44.5,-105,1.9523809523809523,0.5121951219512195,0.4891657638136511,1.0470788428814521,2026-09-14T23:46:03Z,the-odds-api,2026-09-14T23:46:08.924153Z,2026-09-14T23:46:03Z,1.1.0,4fa32267a511c1b12505f515896fde873d56701eef1d93af7b21b45af7a044a5
c79b525a-aad1-422f-9d99-01aa2a47ad0d,aee7eae1849ebb103b9bf233e9741392,2026_02_CAR_ATL,2026-09-20T17:00:00Z,draftkings,DraftKings,retail,totals,UNDER,44.5,44.5,-115,1.8695652173913042,0.5348837209302326,0.5108342361863489,1.0470788428814521,2026-09-14T23:46:03Z,the-odds-api,2026-09-14T23:46:08.924153Z,2026-09-14T23:46:03Z,1.1.0,73cefa0f0c9e16ade3881e672e1ccd7d0139ccba5bb2c0094087ba27a6ccea9c
c79b525a-aad1-422f-9d99-01aa2a47ad0d,aee7eae1849ebb103b9bf233e9741392,2026_02_CAR_ATL,2026-09-20T17:00:00Z,fanduel,FanDuel,retail,spreads,HOME,1.5,-1.5,-112,1.8928571428571428,0.5283018867924528,0.5043297540699689,1.0475326560232219,2026-09-14T23:46:04Z,the-odds-api,2026-09-14T23:46:08.924153Z,2026-09-14T23:46:04Z,1.1.0,9f43e8ac8482c9a84f39cbbb67b1153bf6892c5176edf78a15a250f455545979
c79b525a-aad1-422f-9d99-01aa2a47ad0d,aee7eae1849ebb103b9bf233e9741392,2026_02_CAR_ATL,2026-09-20T17:00:00Z,fanduel,FanDuel,retail,spreads,AWAY,-1.5,-1.5,-108,1.925925925925926,0.5192307692307692,0.4956702459300312,1.0475326560232219,2026-09-14T23:46:04Z,the-odds-api,2026-09-14T23:46:08.924153Z,2026-09-14T23:46:04Z,1.1.0,8905e680e74b403d8ea21e34f24bc7a38029a98b4744fa774c8466e5c6b92fb0
c79b525a-aad1-422f-9d99-01aa2a47ad0d,aee7eae1849ebb103b9bf233e9741392,2026_02_CAR_ATL,2026-09-20T17:00:00Z,fanduel,FanDuel,retail,totals,OVER,44.5,44.5,-105,1.9523809523809523,0.5121951219512195,0.4891657638136511,1.0470788428814521,2026-09-14T23:46:04Z,the-odds-api,2026-09-14T23:46:08.924153Z,2026-09-14T23:46:04Z,1.1.0,c5a0980d0207ccba177c8fdb155518ad75999169844c58b22af08121b5f5af46
c79b525a-aad1-422f-9d99-01aa2a47ad0d,aee7eae1849ebb103b9bf233e9741392,2026_02_CAR_ATL,2026-09-20T17:00:00Z,fanduel,FanDuel,retail,totals,UNDER,44.5,44.5,-115,1.8695652173913042,0.5348837209302326,0.5108342361863489,1.0470788428814521,2026-09-14T23:46:04Z,the-odds-api,2026-09-14T23:46:08.924153Z,2026-09-14T23:46:04Z,1.1.0,ad1b2c3867e9eeffaaa4d011426dd90a5b752470e41a982edc5e69d33e9b56cc
c79b525a-aad1-422f-9d99-01aa2a47ad0d,aee7eae1849ebb103b9bf233e9741392,2026_02_CAR_ATL,2026-09-20T17:00:00Z,betmgm,BetMGM,retail,spreads,HOME,1.5,-1.5,-110,1.9090909090909092,0.5238095238095238,0.5021949078138719,1.0430402930402929,2026-09-14T23:46:05Z,the-odds-api,2026-09-14T23:46:08.924153Z,2026-09-14T23:46:05Z,1.1.0,54bec0656a06ca677e23e6b38e78d4bfb4fbf7864ef9823fff7a49d0319ab97b
c79b525a-aad1-422f-9d99-01aa2a47ad0d,aee7eae1849ebb103b9bf233e9741392,2026_02_CAR_ATL,2026-09-20T17:00:00Z,betmgm,BetMGM,retail,spreads,AWAY,-1.5,-1.5,-108,1.925925925925926,0.5192307692307692,0.4978050921861282,1.0430402930402929,2026-09-14T23:46:05Z,the-odds-api,2026-09-14T23:46:08.924153Z,2026-09-14T23:46:05Z,1.1.0,b6e578f332d6998490ebf47b1f2f0677801298e49b6da5895ad8042f764f9958
c79b525a-aad1-422f-9d99-01aa2a47ad0d,aee7eae1849ebb103b9bf233e9741392,2026_02_CAR_ATL,2026-09-20T17:00:00Z,betmgm,BetMGM,retail,totals,OVER,44.5,44.5,-105,1.9523809523809523,0.5121951219512195,0.4922600619195047,1.0404970087436722,2026-09-14T23:46:05Z,the-odds-api,2026-09-14T23:46:08.924153Z,2026-09-14T23:46:05Z,1.1.0,4b562662a1976f4facba6a3f90852a6905873145176e46e9442391b4ec352f13
c79b525a-aad1-422f-9d99-01aa2a47ad0d,aee7eae1849ebb103b9bf233e9741392,2026_02_CAR_ATL,2026-09-20T17:00:00Z,betmgm,BetMGM,retail,totals,UNDER,44.5,44.5,-112,1.8928571428571428,0.5283018867924528,0.5077399380804954,1.0404970087436722,2026-09-14T23:46:05Z,the-odds-api,2026-09-14T23:46:08.924153Z,2026-09-14T23:46:05Z,1.1.0,94aec69a38bff38f24884c25994fedd6960304ea2154dab8ce6eb9e3d21b9f97
c79b525a-aad1-422f-9d99-01aa2a47ad0d,aee7eae1849ebb103b9bf233e9741392,2026_02_CAR_ATL,2026-09-20T17:00:00Z,pinnacle,Pinnacle,anchor,spreads,HOME,1.0,-1.0,-102,1.9803921568627452,0.504950495049505,0.4908340971585702,1.0287600188590287,2026-09-14T23:46:03Z,the-odds-api,2026-09-14T23:46:08.924153Z,2026-09-14T23:46:03Z,1.1.0,c21801c1ade9c4d7281c58d730b3a423f5e166ee41ecd96823a5de55560dddcb
c79b525a-aad1-422f-9d99-01aa2a47ad0d,aee7eae1849ebb103b9bf233e9741392,2026_02_CAR_ATL,2026-09-20T17:00:00Z,pinnacle,Pinnacle,anchor,spreads,AWAY,-1.0,-1.0,-110,1.9090909090909092,0.5238095238095238,0.5091659028414299,1.0287600188590287,2026-09-14T23:46:03Z,the-odds-api,2026-09-14T23:46:08.924153Z,2026-09-14T23:46:03Z,1.1.0,77c4baf4a1eb3949ca1fab559e2e86135d63da621fbfc55efb1fb946e98a929b
c79b525a-aad1-422f-9d99-01aa2a47ad0d,aee7eae1849ebb103b9bf233e9741392,2026_02_CAR_ATL,2026-09-20T17:00:00Z,pinnacle,Pinnacle,anchor,totals,OVER,44.5,44.5,-104,1.9615384615384617,0.5098039215686274,0.4910905203136137,1.0381058083610801,2026-09-14T23:46:03Z,the-odds-api,2026-09-14T23:46:08.924153Z,2026-09-14T23:46:03Z,1.1.0,012c0903506a56d0e07233d039e1d1a30fa728e654d5d6f37e95817eda5dc01a
c79b525a-aad1-422f-9d99-01aa2a47ad0d,aee7eae1849ebb103b9bf233e9741392,2026_02_CAR_ATL,2026-09-20T17:00:00Z,pinnacle,Pinnacle,anchor,totals,UNDER,44.5,44.5,-112,1.8928571428571428,0.5283018867924528,0.5089094796863863,1.0381058083610801,2026-09-14T23:46:03Z,the-odds-api,2026-09-14T23:46:08.924153Z,2026-09-14T23:46:03Z,1.1.0,fb332090fc2f052212bfe65a1b2f370194711637a3e3450a7a0d816fea53fbca
c79b525a-aad1-422f-9d99-01aa2a47ad0d,2143ade9684fd876b68a4e8cbf451f05,2026_02_NO_BAL,2026-09-20T17:00:00Z,draftkings,DraftKings,retail,spreads,HOME,-8.5,8.5,-110,1.9090909090909092,0.5238095238095238,0.5,1.0476190476190477,2026-09-14T23:46:03Z,the-odds-api,2026-09-14T23:46:08.924153Z,2026-09-14T23:46:03Z,1.1.0,8b3bf5c169ca1090c89a7d77ed9d81905eec1a46dcc8f1ae0d6233f94c7125d4
c79b525a-aad1-422f-9d99-01aa2a47ad0d,2143ade9684fd876b68a4e8cbf451f05,2026_02_NO_BAL,2026-09-20T17:00:00Z,draftkings,DraftKings,retail,spreads,AWAY,8.5,8.5,-110,1.9090909090909092,0.5238095238095238,0.5,1.0476190476190477,2026-09-14T23:46:03Z,the-odds-api,2026-09-14T23:46:08.924153Z,2026-09-14T23:46:03Z,1.1.0,4ae03f529ee4c6b1018b1e6e9094e2fa613263fcfc796eb7606557a006cc7256
c79b525a-aad1-422f-9d99-01aa2a47ad0d,2143ade9684fd876b68a4e8cbf451f05,2026_02_NO_BAL,2026-09-20T17:00:00Z,draftkings,DraftKings,retail,totals,OVER,47.5,47.5,-102,1.9803921568627452,0.504950495049505,0.4826358742837298,1.0462348987192298,2026-09-14T23:46:03Z,the-odds-api,2026-09-14T23:46:08.924153Z,2026-09-14T23:46:03Z,1.1.0,5978bd906256604d2f031e7b39bcc35dc2d7d315e7b7c2568fdd700a90e2a1ac
c79b525a-aad1-422f-9d99-01aa2a47ad0d,2143ade9684fd876b68a4e8cbf451f05,2026_02_NO_BAL,2026-09-20T17:00:00Z,draftkings,DraftKings,retail,totals,UNDER,47.5,47.5,-118,1.847457627118644,0.5412844036697247,0.5173641257162701,1.0462348987192298,2026-09-14T23:46:03Z,the-odds-api,2026-09-14T23:46:08.924153Z,2026-09-14T23:46:03Z,1.1.0,6e15da4f6d219923ae1112a8810f3586a27dfd827534bb6c351f3968a10e3907
c79b525a-aad1-422f-9d99-01aa2a47ad0d,2143ade9684fd876b68a4e8cbf451f05,2026_02_NO_BAL,2026-09-20T17:00:00Z,fanduel,FanDuel,retail,spreads,HOME,-8.5,8.5,-105,1.9523809523809523,0.5121951219512195,0.4891657638136511,1.0470788428814521,2026-09-14T23:46:04Z,the-odds-api,2026-09-14T23:46:08.924153Z,2026-09-14T23:46:04Z,1.1.0,591fba1b65b0f0016de22bb49c651a12d96ff358d7c534ff777b5aa961f8b380
c79b525a-aad1-422f-9d99-01aa2a47ad0d,2143ade9684fd876b68a4e8cbf451f05,2026_02_NO_BAL,2026-09-20T17:00:00Z,fanduel,FanDuel,retail,spreads,AWAY,8.5,8.5,-115,1.8695652173913042,0.5348837209302326,0.5108342361863489,1.0470788428814521,2026-09-14T23:46:04Z,the-odds-api,2026-09-14T23:46:08.924153Z,2026-09-14T23:46:04Z,1.1.0,b92f629cbbe56154d39a383bdf699d00136d271129b855377d202838adffd21d
c79b525a-aad1-422f-9d99-01aa2a47ad0d,2143ade9684fd876b68a4e8cbf451f05,2026_02_NO_BAL,2026-09-20T17:00:00Z,fanduel,FanDuel,retail,totals,OVER,47.5,47.5,-105,1.9523809523809523,0.5121951219512195,0.4891657638136511,1.0470788428814521,2026-09-14T23:46:04Z,the-odds-api,2026-09-14T23:46:08.924153Z,2026-09-14T23:46:04Z,1.1.0,8ef2786757c79d5c11ac9f835be0f38f9cb3a897ac3e054b89b54c74b889990f
c79b525a-aad1-422f-9d99-01aa2a47ad0d,2143ade9684fd876b68a4e8cbf451f05,2026_02_NO_BAL,2026-09-20T17:00:00Z,fanduel,FanDuel,retail,totals,UNDER,47.5,47.5,-115,1.8695652173913042,0.5348837209302326,0.5108342361863489,1.0470788428814521,2026-09-14T23:46:04Z,the-odds-api,2026-09-14T23:46:08.924153Z,2026-09-14T23:46:04Z,1.1.0,06b75596d2f16a54b09048acb616c9a6f5a101fed96acd6f839976a62b1878c7
c79b525a-aad1-422f-9d99-01aa2a47ad0d,2143ade9684fd876b68a4e8cbf451f05,2026_02_NO_BAL,2026-09-20T17:00:00Z,betmgm,BetMGM,retail,spreads,HOME,-8.5,8.5,-108,1.925925925925926,0.5192307692307692,0.4978050921861282,1.0430402930402929,2026-09-14T23:46:04Z,the-odds-api,2026-09-14T23:46:08.924153Z,2026-09-14T23:46:04Z,1.1.0,bf8414c2da5726a28254a7291f6cd29f4a46667a819dedcc07061a99d3dcd8e1
c79b525a-aad1-422f-9d99-01aa2a47ad0d,2143ade9684fd876b68a4e8cbf451f05,2026_02_NO_BAL,2026-09-20T17:00:00Z,betmgm,BetMGM,retail,spreads,AWAY,8.5,8.5,-110,1.9090909090909092,0.5238095238095238,0.5021949078138719,1.0430402930402929,2026-09-14T23:46:04Z,the-odds-api,2026-09-14T23:46:08.924153Z,2026-09-14T23:46:04Z,1.1.0,40cba6b8dc048b1f0d8b5610425afd17888fed5b2425758d228d5154404e9452
c79b525a-aad1-422f-9d99-01aa2a47ad0d,2143ade9684fd876b68a4e8cbf451f05,2026_02_NO_BAL,2026-09-20T17:00:00Z,betmgm,BetMGM,retail,totals,OVER,47.0,47.0,-110,1.9090909090909092,0.5238095238095238,0.5021949078138719,1.0430402930402929,2026-09-14T23:46:04Z,the-odds-api,2026-09-14T23:46:08.924153Z,2026-09-14T23:46:04Z,1.1.0,07052525cd6634eee1d657643cfa176a7dcfc8d7b9731badb8832b6d8eac0d37
c79b525a-aad1-422f-9d99-01aa2a47ad0d,2143ade9684fd876b68a4e8cbf451f05,2026_02_NO_BAL,2026-09-20T17:00:00Z,betmgm,BetMGM,retail,totals,UNDER,47.0,47.0,-108,1.925925925925926,0.5192307692307692,0.4978050921861282,1.0430402930402929,2026-09-14T23:46:04Z,the-odds-api,2026-09-14T23:46:08.924153Z,2026-09-14T23:46:04Z,1.1.0,004ee46eef169ebb8d7822e4a58128d4a48ffa014a9f9d394869a56dc0bec330
c79b525a-aad1-422f-9d99-01aa2a47ad0d,2143ade9684fd876b68a4e8cbf451f05,2026_02_NO_BAL,2026-09-20T17:00:00Z,pinnacle,Pinnacle,anchor,spreads,HOME,-9.0,9.0,102,2.02,0.49504950495049505,0.48167822094174845,1.0277597853243268,2026-09-14T23:46:03Z,the-odds-api,2026-09-14T23:46:08.924153Z,2026-09-14T23:46:03Z,1.1.0,03b9e3b219a96d00f8299091b6eaf18968a89cf0d32c888e809671a6089e0089
c79b525a-aad1-422f-9d99-01aa2a47ad0d,2143ade9684fd876b68a4e8cbf451f05,2026_02_NO_BAL,2026-09-20T17:00:00Z,pinnacle,Pinnacle,anchor,spreads,AWAY,9.0,9.0,-114,1.8771929824561404,0.5327102803738317,0.5183217790582515,1.0277597853243268,2026-09-14T23:46:03Z,the-odds-api,2026-09-14T23:46:08.924153Z,2026-09-14T23:46:03Z,1.1.0,edd9d764d83b3c5145ffd876abebe5fb54fffb2e936a3ad8c58dd9bcbd23a5b7
c79b525a-aad1-422f-9d99-01aa2a47ad0d,2143ade9684fd876b68a4e8cbf451f05,2026_02_NO_BAL,2026-09-20T17:00:00Z,pinnacle,Pinnacle,anchor,totals,OVER,47.5,47.5,100,2.0,0.5,0.4811529933481153,1.0391705069124424,2026-09-14T23:46:03Z,the-odds-api,2026-09-14T23:46:08.924153Z,2026-09-14T23:46:03Z,1.1.0,564dd5022e83c864ebdc84ce644a61105c8520b154f184d4838e45e128b79f1e
c79b525a-aad1-422f-9d99-01aa2a47ad0d,2143ade9684fd876b68a4e8cbf451f05,2026_02_NO_BAL,2026-09-20T17:00:00Z,pinnacle,Pinnacle,anchor,totals,UNDER,47.5,47.5,-117,1.8547008547008548,0.5391705069124424,0.5188470066518847,1.0391705069124424,2026-09-14T23:46:03Z,the-odds-api,2026-09-14T23:46:08.924153Z,2026-09-14T23:46:03Z,1.1.0,5b48024011693d06fb6cf10dd38f794797fb56cd8fc18e271ad5b8fd7c68e8a8
c79b525a-aad1-422f-9d99-01aa2a47ad0d,0283a29e1b38ef78b29b904fd56a16dd,2026_02_MIN_CHI,2026-09-20T17:00:00Z,draftkings,DraftKings,retail,spreads,HOME,-5.5,5.5,-110,1.9090909090909092,0.5238095238095238,0.5,1.0476190476190477,2026-09-14T23:46:03Z,the-odds-api,2026-09-14T23:46:08.924153Z,2026-09-14T23:46:03Z,1.1.0,9e316784e4d89fcaaa2f768f03fb19f68a8369cfb4222acc85817413cf7fad40
c79b525a-aad1-422f-9d99-01aa2a47ad0d,0283a29e1b38ef78b29b904fd56a16dd,2026_02_MIN_CHI,2026-09-20T17:00:00Z,draftkings,DraftKings,retail,spreads,AWAY,5.5,5.5,-110,1.9090909090909092,0.5238095238095238,0.5,1.0476190476190477,2026-09-14T23:46:03Z,the-odds-api,2026-09-14T23:46:08.924153Z,2026-09-14T23:46:03Z,1.1.0,692eb18ae2969520cbb2a19f5766065ad0e8df44c066f3fc78cc5d18db1aebae
c79b525a-aad1-422f-9d99-01aa2a47ad0d,0283a29e1b38ef78b29b904fd56a16dd,2026_02_MIN_CHI,2026-09-20T17:00:00Z,draftkings,DraftKings,retail,totals,OVER,49.5,49.5,-108,1.925925925925926,0.5192307692307692,0.4956702459300312,1.0475326560232219,2026-09-14T23:46:03Z,the-odds-api,2026-09-14T23:46:08.924153Z,2026-09-14T23:46:03Z,1.1.0,425fa724dad2a42997c9f2347d9a105b07256ae30a4cfbf59255b7cc3d16c752
c79b525a-aad1-422f-9d99-01aa2a47ad0d,0283a29e1b38ef78b29b904fd56a16dd,2026_02_MIN_CHI,2026-09-20T17:00:00Z,draftkings,DraftKings,retail,totals,UNDER,49.5,49.5,-112,1.8928571428571428,0.5283018867924528,0.5043297540699689,1.0475326560232219,2026-09-14T23:46:03Z,the-odds-api,2026-09-14T23:46:08.924153Z,2026-09-14T23:46:03Z,1.1.0,644f201db83e0f69ee0bd34d376a6d55f60b33e6505fafa9fa3d4d67ac01dc17
c79b525a-aad1-422f-9d99-01aa2a47ad0d,0283a29e1b38ef78b29b904fd56a16dd,2026_02_MIN_CHI,2026-09-20T17:00:00Z,fanduel,FanDuel,retail,spreads,HOME,-5.5,5.5,-108,1.925925925925926,0.5192307692307692,0.4956702459300312,1.0475326560232219,2026-09-14T23:46:04Z,the-odds-api,2026-09-14T23:46:08.924153Z,2026-09-14T23:46:04Z,1.1.0,af4755a3e0fac56d3aed5f6c7a3ca555a7add8baa4f0b04076f363fcd7bc6172
c79b525a-aad1-422f-9d99-01aa2a47ad0d,0283a29e1b38ef78b29b904fd56a16dd,2026_02_MIN_CHI,2026-09-20T17:00:00Z,fanduel,FanDuel,retail,spreads,AWAY,5.5,5.5,-112,1.8928571428571428,0.5283018867924528,0.5043297540699689,1.0475326560232219,2026-09-14T23:46:04Z,the-odds-api,2026-09-14T23:46:08.924153Z,2026-09-14T23:46:04Z,1.1.0,635543d3a084ade61a7bedf01c150b9ac60f2cb9a3f7e93e1c7db1d8c18527db
c79b525a-aad1-422f-9d99-01aa2a47ad0d,0283a29e1b38ef78b29b904fd56a16dd,2026_02_MIN_CHI,2026-09-20T17:00:00Z,fanduel,FanDuel,retail,totals,OVER,49.5,49.5,-106,1.9433962264150944,0.5145631067961165,0.49133599029630914,1.0472733871699482,2026-09-14T23:46:04Z,the-odds-api,2026-09-14T23:46:08.924153Z,2026-09-14T23:46:04Z,1.1.0,4b09a0223bd6066592d83700e0586b6c14ede60a5f6ca012fbf4ff51ed35bb5b
c79b525a-aad1-422f-9d99-01aa2a47ad0d,0283a29e1b38ef78b29b904fd56a16dd,2026_02_MIN_CHI,2026-09-20T17:00:00Z,fanduel,FanDuel,retail,totals,UNDER,49.5,49.5,-114,1.8771929824561404,0.5327102803738317,0.5086640097036909,1.0472733871699482,2026-09-14T23:46:04Z,the-odds-api,2026-09-14T23:46:08.924153Z,2026-09-14T23:46:04Z,1.1.0,dc160aeb48549734ff7e56cd9be1a98781c64806e65e63c933930dfcfa93d025
c79b525a-aad1-422f-9d99-01aa2a47ad0d,0283a29e1b38ef78b29b904fd56a16dd,2026_02_MIN_CHI,2026-09-20T17:00:00Z,betmgm,BetMGM,retail,spreads,HOME,-5.5,5.5,-110,1.9090909090909092,0.5238095238095238,0.5021949078138719,1.0430402930402929,2026-09-14T23:46:04Z,the-odds-api,2026-09-14T23:46:08.924153Z,2026-09-14T23:46:04Z,1.1.0,7c3f652fedec7cf0c29fe4138c5a96b25da886882c77b7319ac05227172457f8
c79b525a-aad1-422f-9d99-01aa2a47ad0d,0283a29e1b38ef78b29b904fd56a16dd,2026_02_MIN_CHI,2026-09-20T17:00:00Z,betmgm,BetMGM,retail,spreads,AWAY,5.5,5.5,-108,1.925925925925926,0.5192307692307692,0.4978050921861282,1.0430402930402929,2026-09-14T23:46:04Z,the-odds-api,2026-09-14T23:46:08.924153Z,2026-09-14T23:46:04Z,1.1.0,5b13384c3bc0005c671d5a90cf5f5f68782aa076519776d388045e3e66bcf742
c79b525a-aad1-422f-9d99-01aa2a47ad0d,0283a29e1b38ef78b29b904fd56a16dd,2026_02_MIN_CHI,2026-09-20T17:00:00Z,betmgm,BetMGM,retail,totals,OVER,49.0,49.0,-110,1.9090909090909092,0.5238095238095238,0.5021949078138719,1.0430402930402929,2026-09-14T23:46:04Z,the-odds-api,2026-09-14T23:46:08.924153Z,2026-09-14T23:46:04Z,1.1.0,75b707ef2701d408e19ee6a479e7b3f0c855173ee837f3df0624908a3581ce30
c79b525a-aad1-422f-9d99-01aa2a47ad0d,0283a29e1b38ef78b29b904fd56a16dd,2026_02_MIN_CHI,2026-09-20T17:00:00Z,betmgm,BetMGM,retail,totals,UNDER,49.0,49.0,-108,1.925925925925926,0.5192307692307692,0.4978050921861282,1.0430402930402929,2026-09-14T23:46:04Z,the-odds-api,2026-09-14T23:46:08.924153Z,2026-09-14T23:46:04Z,1.1.0,ac2f172ae208c9d30e7ce5e325fb8ec1674ac6cac58a1b25a415abf3e4e7364f
c79b525a-aad1-422f-9d99-01aa2a47ad0d,0283a29e1b38ef78b29b904fd56a16dd,2026_02_MIN_CHI,2026-09-20T17:00:00Z,pinnacle,Pinnacle,anchor,spreads,HOME,-5.5,5.5,-107,1.9345794392523366,0.5169082125603864,0.5022899015342339,1.029103334511606,2026-09-14T23:46:03Z,the-odds-api,2026-09-14T23:46:08.924153Z,2026-09-14T23:46:03Z,1.1.0,33e7128abb3f3fbf2ae2f42ad7724823aaeee65adf80addaf85aaa67f654942b
c79b525a-aad1-422f-9d99-01aa2a47ad0d,0283a29e1b38ef78b29b904fd56a16dd,2026_02_MIN_CHI,2026-09-20T17:00:00Z,pinnacle,Pinnacle,anchor,spreads,AWAY,5.5,5.5,-105,1.9523809523809523,0.5121951219512195,0.4977100984657659,1.029103334511606,2026-09-14T23:46:03Z,the-odds-api,2026-09-14T23:46:08.924153Z,2026-09-14T23:46:03Z,1.1.0,efcfdc732a32e5d9988937c8f3685ea557a1f9a8c325891454e99199ed06d1e9
c79b525a-aad1-422f-9d99-01aa2a47ad0d,0283a29e1b38ef78b29b904fd56a16dd,2026_02_MIN_CHI,2026-09-20T17:00:00Z,pinnacle,Pinnacle,anchor,totals,OVER,49.5,49.5,-105,1.9523809523809523,0.5121951219512195,0.49331997327989313,1.03826147266212,2026-09-14T23:46:03Z,the-odds-api,2026-09-14T23:46:08.924153Z,2026-09-14T23:46:03Z,1.1.0,a622a647d08b09bb86a30770cb7af06b90fee94af0f0d37c6eebc53d64a8ad41
c79b525a-aad1-422f-9d99-01aa2a47ad0d,0283a29e1b38ef78b29b904fd56a16dd,2026_02_MIN_CHI,2026-09-20T17:00:00Z,pinnacle,Pinnacle,anchor,totals,UNDER,49.5,49.5,-111,1.900900900900901,0.5260663507109005,0.5066800267201069,1.03826147266212,2026-09-14T23:46:03Z,the-odds-api,2026-09-14T23:46:08.924153Z,2026-09-14T23:46:03Z,1.1.0,7ca6b2204170f7deffcd5d537daae90aa4106a1f9a0bbf9d5eda01f5210cf89e
c79b525a-aad1-422f-9d99-01aa2a47ad0d,36ad2fa722f4915ef23d2c81351261de,2026_02_CIN_HOU,2026-09-20T17:00:00Z,draftkings,DraftKings,retail,spreads,AWAY,3.0,3.0,-112,1.8928571428571428,0.5283018867924528,0.5043297540699689,1.0475326560232219,2026-09-14T23:46:03Z,the-odds-api,2026-09-14T23:46:08.924153Z,2026-09-14T23:46:03Z,1.1.0,bf650ef3dde99ab4c3059ca6eeee91b56495d612020d16aa24693b3540125041
c79b525a-aad1-422f-9d99-01aa2a47ad0d,36ad2fa722f4915ef23d2c81351261de,2026_02_CIN_HOU,2026-09-20T17:00:00Z,draftkings,DraftKings,retail,spreads,HOME,-3.0,3.0,-108,1.925925925925926,0.5192307692307692,0.4956702459300312,1.0475326560232219,2026-09-14T23:46:03Z,the-odds-api,2026-09-14T23:46:08.924153Z,2026-09-14T23:46:03Z,1.1.0,b156f9d824a8537e3e16b9e4369340c883503b638e3f25e8f7c10f0f8e3a3f4e
c79b525a-aad1-422f-9d99-01aa2a47ad0d,36ad2fa722f4915ef23d2c81351261de,2026_02_CIN_HOU,2026-09-20T17:00:00Z,draftkings,DraftKings,retail,totals,OVER,46.5,46.5,-108,1.925925925925926,0.5192307692307692,0.4956702459300312,1.0475326560232219,2026-09-14T23:46:03Z,the-odds-api,2026-09-14T23:46:08.924153Z,2026-09-14T23:46:03Z,1.1.0,8540ea5ee733401140d053b29b9c0f858bcd0bd73739b8af21f0f1c9e69dc7c8
c79b525a-aad1-422f-9d99-01aa2a47ad0d,36ad2fa722f4915ef23d2c81351261de,2026_02_CIN_HOU,2026-09-20T17:00:00Z,draftkings,DraftKings,retail,totals,UNDER,46.5,46.5,-112,1.8928571428571428,0.5283018867924528,0.5043297540699689,1.0475326560232219,2026-09-14T23:46:03Z,the-odds-api,2026-09-14T23:46:08.924153Z,2026-09-14T23:46:03Z,1.1.0,c02cd4345b9b72c951db5d78b55674d8701032b383552882b424d8ff755bf525
c79b525a-aad1-422f-9d99-01aa2a47ad0d,36ad2fa722f4915ef23d2c81351261de,2026_02_CIN_HOU,2026-09-20T17:00:00Z,fanduel,FanDuel,retail,spreads,AWAY,3.0,3.0,-120,1.8333333333333335,0.5454545454545454,0.519280205655527,1.0504050405040504,2026-09-14T23:46:04Z,the-odds-api,2026-09-14T23:46:08.924153Z,2026-09-14T23:46:04Z,1.1.0,b8ebb0515f51dcc8760ed3878e6bd45787c2202c5edfde6c98a6ca5af6e16e51
c79b525a-aad1-422f-9d99-01aa2a47ad0d,36ad2fa722f4915ef23d2c81351261de,2026_02_CIN_HOU,2026-09-20T17:00:00Z,fanduel,FanDuel,retail,spreads,HOME,-3.0,3.0,-102,1.9803921568627452,0.504950495049505,0.48071979434447304,1.0504050405040504,2026-09-14T23:46:04Z,the-odds-api,2026-09-14T23:46:08.924153Z,2026-09-14T23:46:04Z,1.1.0,0e6163de966c9d675f3a29e9cf3cfb9b1fdd22ef336ef08c85fb86cfa3d4a2fb
c79b525a-aad1-422f-9d99-01aa2a47ad0d,36ad2fa722f4915ef23d2c81351261de,2026_02_CIN_HOU,2026-09-20T17:00:00Z,fanduel,FanDuel,retail,totals,OVER,46.5,46.5,-115,1.8695652173913042,0.5348837209302326,0.5108342361863489,1.0470788428814521,2026-09-14T23:46:04Z,the-odds-api,2026-09-14T23:46:08.924153Z,2026-09-14T23:46:04Z,1.1.0,30613002bc5ff6a1eaf2ce255ea10557d5f369b9f9e2d459d4b4a7ad2e316e0a
c79b525a-aad1-422f-9d99-01aa2a47ad0d,36ad2fa722f4915ef23d2c81351261de,2026_02_CIN_HOU,2026-09-20T17:00:00Z,fanduel,FanDuel,retail,totals,UNDER,46.5,46.5,-105,1.9523809523809523,0.5121951219512195,0.4891657638136511,1.0470788428814521,2026-09-14T23:46:04Z,the-odds-api,2026-09-14T23:46:08.924153Z,2026-09-14T23:46:04Z,1.1.0,665d337e6d6418893557dd46e68eeeefa0aaf252b5d039deddcc75ec6d7a0398
c79b525a-aad1-422f-9d99-01aa2a47ad0d,36ad2fa722f4915ef23d2c81351261de,2026_02_CIN_HOU,2026-09-20T17:00:00Z,betmgm,BetMGM,retail,spreads,AWAY,3.0,3.0,-112,1.8928571428571428,0.5283018867924528,0.5077399380804954,1.0404970087436722,2026-09-14T23:46:05Z,the-odds-api,2026-09-14T23:46:08.924153Z,2026-09-14T23:46:05Z,1.1.0,603a4941bbf2906e2aba0f84a933f3e74de6ac42fc9fe0136419df49f4195a4e
c79b525a-aad1-422f-9d99-01aa2a47ad0d,36ad2fa722f4915ef23d2c81351261de,2026_02_CIN_HOU,2026-09-20T17:00:00Z,betmgm,BetMGM,retail,spreads,HOME,-3.0,3.0,-105,1.9523809523809523,0.5121951219512195,0.4922600619195047,1.0404970087436722,2026-09-14T23:46:05Z,the-odds-api,2026-09-14T23:46:08.924153Z,2026-09-14T23:46:05Z,1.1.0,ba947bec9a9191cfe0f1e9b9b39030bc93309b8cdcdf927c88c2a94aad053ddd
c79b525a-aad1-422f-9d99-01aa2a47ad0d,36ad2fa722f4915ef23d2c81351261de,2026_02_CIN_HOU,2026-09-20T17:00:00Z,betmgm,BetMGM,retail,totals,OVER,46.5,46.5,-110,1.9090909090909092,0.5238095238095238,0.5021949078138719,1.0430402930402929,2026-09-14T23:46:05Z,the-odds-api,2026-09-14T23:46:08.924153Z,2026-09-14T23:46:05Z,1.1.0,aab896d15ce0a4202a43a21fd6ce65e4f4c72b59a8f8131029bcb221034484f4
c79b525a-aad1-422f-9d99-01aa2a47ad0d,36ad2fa722f4915ef23d2c81351261de,2026_02_CIN_HOU,2026-09-20T17:00:00Z,betmgm,BetMGM,retail,totals,UNDER,46.5,46.5,-108,1.925925925925926,0.5192307692307692,0.4978050921861282,1.0430402930402929,2026-09-14T23:46:05Z,the-odds-api,2026-09-14T23:46:08.924153Z,2026-09-14T23:46:05Z,1.1.0,980e7bfab09200809cc94737e3b8504dde3562baab532ba77118cba82be2160f
c79b525a-aad1-422f-9d99-01aa2a47ad0d,36ad2fa722f4915ef23d2c81351261de,2026_02_CIN_HOU,2026-09-20T17:00:00Z,pinnacle,Pinnacle,anchor,spreads,AWAY,3.0,3.0,-109,1.9174311926605505,0.5215311004784688,0.506872222476749,1.0289202630400451,2026-09-14T23:46:03Z,the-odds-api,2026-09-14T23:46:08.924153Z,2026-09-14T23:46:03Z,1.1.0,b465f0baf4125e2d1a94eeaeedf145427b57faf6ebba2e543046e3ec50d165a6
c79b525a-aad1-422f-9d99-01aa2a47ad0d,36ad2fa722f4915ef23d2c81351261de,2026_02_CIN_HOU,2026-09-20T17:00:00Z,pinnacle,Pinnacle,anchor,spreads,HOME,-3.0,3.0,-103,1.970873786407767,0.5073891625615764,0.4931277775232511,1.0289202630400451,2026-09-14T23:46:03Z,the-odds-api,2026-09-14T23:46:08.924153Z,2026-09-14T23:46:03Z,1.1.0,854a9e1f231e72351281c8df0cd19dea230223fba541577930e9e31dbe54ad5d
c79b525a-aad1-422f-9d99-01aa2a47ad0d,36ad2fa722f4915ef23d2c81351261de,2026_02_CIN_HOU,2026-09-20T17:00:00Z,pinnacle,Pinnacle,anchor,totals,OVER,46.5,46.5,-107,1.9345794392523366,0.5169082125603864,0.49777411743756406,1.0384393130388552,2026-09-14T23:46:03Z,the-odds-api,2026-09-14T23:46:08.924153Z,2026-09-14T23:46:03Z,1.1.0,ab14276a4ab6745e7640742ee58089e5c802b2cb80593eb0630fd44be85d284a
c79b525a-aad1-422f-9d99-01aa2a47ad0d,36ad2fa722f4915ef23d2c81351261de,2026_02_CIN_HOU,2026-09-20T17:00:00Z,pinnacle,Pinnacle,anchor,totals,UNDER,46.5,46.5,-109,1.9174311926605505,0.5215311004784688,0.502225882562436,1.0384393130388552,2026-09-14T23:46:03Z,the-odds-api,2026-09-14T23:46:08.924153Z,2026-09-14T23:46:03Z,1.1.0,e3167d90a117a877badae5f34a50aeca5a26710892ca7f1324815899bfad3d43
c79b525a-aad1-422f-9d99-01aa2a47ad0d,0636ebff776d43f8c829a36713c80b22,2026_02_CLE_TB,2026-09-20T17:00:00Z,draftkings,DraftKings,retail,spreads,AWAY,8.5,8.5,-110,1.9090909090909092,0.5238095238095238,0.5,1.0476190476190477,2026-09-14T23:46:03Z,the-odds-api,2026-09-14T23:46:08.924153Z,2026-09-14T23:46:03Z,1.1.0,60ba891ec1eddd809fcb9114a8001b05e0240a717a15601b1d00b4ae7db6d984
c79b525a-aad1-422f-9d99-01aa2a47ad0d,0636ebff776d43f8c829a36713c80b22,2026_02_CLE_TB,2026-09-20T17:00:00Z,draftkings,DraftKings,retail,spreads,HOME,-8.5,8.5,-110,1.9090909090909092,0.5238095238095238,0.5,1.0476190476190477,2026-09-14T23:46:03Z,the-odds-api,2026-09-14T23:46:08.924153Z,2026-09-14T23:46:03Z,1.1.0,23d648cabda1d5ee0194a30595b2b71d01a9b754934c17a1631ab2c648361620
c79b525a-aad1-422f-9d99-01aa2a47ad0d,0636ebff776d43f8c829a36713c80b22,2026_02_CLE_TB,2026-09-20T17:00:00Z,draftkings,DraftKings,retail,totals,OVER,40.5,40.5,-115,1.8695652173913042,0.5348837209302326,0.5108342361863489,1.0470788428814521,2026-09-14T23:46:03Z,the-odds-api,2026-09-14T23:46:08.924153Z,2026-09-14T23:46:03Z,1.1.0,9559e4c559c4f55d901636e2b3f6d0e88fe91ba7269c22b44f47a1daac963340
c79b525a-aad1-422f-9d99-01aa2a47ad0d,0636ebff776d43f8c829a36713c80b22,2026_02_CLE_TB,2026-09-20T17:00:00Z,draftkings,DraftKings,retail,totals,UNDER,40.5,40.5,-105,1.9523809523809523,0.5121951219512195,0.4891657638136511,1.0470788428814521,2026-09-14T23:46:03Z,the-odds-api,2026-09-14T23:46:08.924153Z,2026-09-14T23:46:03Z,1.1.0,da14241cf42623ae63190c3e64e53b684bce2b6756a3bcb3dc659e2c746334fe
c79b525a-aad1-422f-9d99-01aa2a47ad0d,0636ebff776d43f8c829a36713c80b22,2026_02_CLE_TB,2026-09-20T17:00:00Z,fanduel,FanDuel,retail,spreads,AWAY,8.5,8.5,-118,1.847457627118644,0.5412844036697247,0.5149751839808318,1.0510883252383523,2026-09-14T23:46:04Z,the-odds-api,2026-09-14T23:46:08.924153Z,2026-09-14T23:46:04Z,1.1.0,19cfa39c2b690b6b055bcb065e0f007364b50fe4c4d95fefea2713cef8463224
c79b525a-aad1-422f-9d99-01aa2a47ad0d,0636ebff776d43f8c829a36713c80b22,2026_02_CLE_TB,2026-09-20T17:00:00Z,fanduel,FanDuel,retail,spreads,HOME,-8.5,8.5,-104,1.9615384615384617,0.5098039215686274,0.4850248160191682,1.0510883252383523,2026-09-14T23:46:04Z,the-odds-api,2026-09-14T23:46:08.924153Z,2026-09-14T23:46:04Z,1.1.0,035b0fbcd223bad204239ed907c6e6a8b5ace53c31982bdab467aa6482651479
c79b525a-aad1-422f-9d99-01aa2a47ad0d,0636ebff776d43f8c829a36713c80b22,2026_02_CLE_TB,2026-09-20T17:00:00Z,fanduel,FanDuel,retail,totals,OVER,40.5,40.5,-110,1.9090909090909092,0.5238095238095238,0.5,1.0476190476190477,2026-09-14T23:46:04Z,the-odds-api,2026-09-14T23:46:08.924153Z,2026-09-14T23:46:04Z,1.1.0,d60aced3175fbfeb142642dbc2dac584bcf2ba17aefac4d5979dcd6230762a45
c79b525a-aad1-422f-9d99-01aa2a47ad0d,0636ebff776d43f8c829a36713c80b22,2026_02_CLE_TB,2026-09-20T17:00:00Z,fanduel,FanDuel,retail,totals,UNDER,40.5,40.5,-110,1.9090909090909092,0.5238095238095238,0.5,1.0476190476190477,2026-09-14T23:46:04Z,the-odds-api,2026-09-14T23:46:08.924153Z,2026-09-14T23:46:04Z,1.1.0,b659bdac19c7b6fbf419523c606b6e4ccbae73c75311936520582b1b78902d3a
c79b525a-aad1-422f-9d99-01aa2a47ad0d,0636ebff776d43f8c829a36713c80b22,2026_02_CLE_TB,2026-09-20T17:00:00Z,betmgm,BetMGM,retail,spreads,AWAY,8.5,8.5,-110,1.9090909090909092,0.5238095238095238,0.5021949078138719,1.0430402930402929,2026-09-14T23:46:05Z,the-odds-api,2026-09-14T23:46:08.924153Z,2026-09-14T23:46:05Z,1.1.0,8d99817a5e97719777b044d0bdaed6befd04856a2491130f856aecb3cd212575
c79b525a-aad1-422f-9d99-01aa2a47ad0d,0636ebff776d43f8c829a36713c80b22,2026_02_CLE_TB,2026-09-20T17:00:00Z,betmgm,BetMGM,retail,spreads,HOME,-8.5,8.5,-108,1.925925925925926,0.5192307692307692,0.4978050921861282,1.0430402930402929,2026-09-14T23:46:05Z,the-odds-api,2026-09-14T23:46:08.924153Z,2026-09-14T23:46:05Z,1.1.0,54ddd4880e23b0ab85afd6b437398b6831c901b36dfddafb51fd8e8e04f9840a
c79b525a-aad1-422f-9d99-01aa2a47ad0d,0636ebff776d43f8c829a36713c80b22,2026_02_CLE_TB,2026-09-20T17:00:00Z,betmgm,BetMGM,retail,totals,OVER,41.0,41.0,-108,1.925925925925926,0.5192307692307692,0.4978050921861282,1.0430402930402929,2026-09-14T23:46:05Z,the-odds-api,2026-09-14T23:46:08.924153Z,2026-09-14T23:46:05Z,1.1.0,fb41648a6b2ae65fb44488d84def1f14139ed5e075a0b31ba6740de1970bf955
c79b525a-aad1-422f-9d99-01aa2a47ad0d,0636ebff776d43f8c829a36713c80b22,2026_02_CLE_TB,2026-09-20T17:00:00Z,betmgm,BetMGM,retail,totals,UNDER,41.0,41.0,-110,1.9090909090909092,0.5238095238095238,0.5021949078138719,1.0430402930402929,2026-09-14T23:46:05Z,the-odds-api,2026-09-14T23:46:08.924153Z,2026-09-14T23:46:05Z,1.1.0,f96127064409938dd052dfdd4465183dabc839a030e82de04888b4b60400a66c
c79b525a-aad1-422f-9d99-01aa2a47ad0d,0636ebff776d43f8c829a36713c80b22,2026_02_CLE_TB,2026-09-20T17:00:00Z,pinnacle,Pinnacle,anchor,spreads,AWAY,9.0,9.0,-116,1.8620689655172413,0.5370370370370371,0.5215734916275362,1.0296478744754607,2026-09-14T23:46:03Z,the-odds-api,2026-09-14T23:46:08.924153Z,2026-09-14T23:46:03Z,1.1.0,0f2abb363aa5f3a8fc50911f98345f9de1e331abdc46a80f7907ffa0702094db
c79b525a-aad1-422f-9d99-01aa2a47ad0d,0636ebff776d43f8c829a36713c80b22,2026_02_CLE_TB,2026-09-20T17:00:00Z,pinnacle,Pinnacle,anchor,spreads,HOME,-9.0,9.0,103,2.0300000000000002,0.4926108374384236,0.47842650837246387,1.0296478744754607,2026-09-14T23:46:03Z,the-odds-api,2026-09-14T23:46:08.924153Z,2026-09-14T23:46:03Z,1.1.0,23efe3da32cff1d472e5df550a7ac724e5fcb991fac045a09f045d2975331ed7
c79b525a-aad1-422f-9d99-01aa2a47ad0d,0636ebff776d43f8c829a36713c80b22,2026_02_CLE_TB,2026-09-20T17:00:00Z,pinnacle,Pinnacle,anchor,totals,OVER,41.0,41.0,-116,1.8620689655172413,0.5370370370370371,0.5178571428571428,1.0370370370370372,2026-09-14T23:46:03Z,the-odds-api,2026-09-14T23:46:08.924153Z,2026-09-14T23:46:03Z,1.1.0,d99edcb5a9eff4aa41cd8f95812e439c1fabedaf83798125e6c76ad938e85597
c79b525a-aad1-422f-9d99-01aa2a47ad0d,0636ebff776d43f8c829a36713c80b22,2026_02_CLE_TB,2026-09-20T17:00:00Z,pinnacle,Pinnacle,anchor,totals,UNDER,41.0,41.0,100,2.0,0.5,0.48214285714285704,1.0370370370370372,2026-09-14T23:46:03Z,the-odds-api,2026-09-14T23:46:08.924153Z,2026-09-14T23:46:03Z,1.1.0,6845c326c1bd9f20c1e603070472c267ecda2559cc8c2b06b614776b4b9f1da3
c79b525a-aad1-422f-9d99-01aa2a47ad0d,4aeee070bb6ec60bdfae4dede61b9014,2026_02_GB_NYJ,2026-09-20T17:00:00Z,draftkings,DraftKings,retail,spreads,AWAY,-4.5,-4.5,-108,1.925925925925926,0.5192307692307692,0.4956702459300312,1.0475326560232219,2026-09-14T23:46:03Z,the-odds-api,2026-09-14T23:46:08.924153Z,2026-09-14T23:46:03Z,1.1.0,6e93cb01d3bda050a202201d23320adb0156577fd9037263f3347dcd1d22781e
c79b525a-aad1-422f-9d99-01aa2a47ad0d,4aeee070bb6ec60bdfae4dede61b9014,2026_02_GB_NYJ,2026-09-20T17:00:00Z,draftkings,DraftKings,retail,spreads,HOME,4.5,-4.5,-112,1.8928571428571428,0.5283018867924528,0.5043297540699689,1.0475326560232219,2026-09-14T23:46:03Z,the-odds-api,2026-09-14T23:46:08.924153Z,2026-09-14T23:46:03Z,1.1.0,e9431ce6903c7f79d354bf0861e7c62f8b90d73bfddef73f49385aa99daea315
c79b525a-aad1-422f-9d99-01aa2a47ad0d,4aeee070bb6ec60bdfae4dede61b9014,2026_02_GB_NYJ,2026-09-20T17:00:00Z,draftkings,DraftKings,retail,totals,OVER,44.5,44.5,-112,1.8928571428571428,0.5283018867924528,0.5043297540699689,1.0475326560232219,2026-09-14T23:46:03Z,the-odds-api,2026-09-14T23:46:08.924153Z,2026-09-14T23:46:03Z,1.1.0,17d203b1af496b841e9506b6f5869b8597fe706e0327359c5f40d7e8ca958da4
c79b525a-aad1-422f-9d99-01aa2a47ad0d,4aeee070bb6ec60bdfae4dede61b9014,2026_02_GB_NYJ,2026-09-20T17:00:00Z,draftkings,DraftKings,retail,totals,UNDER,44.5,44.5,-108,1.925925925925926,0.5192307692307692,0.4956702459300312,1.0475326560232219,2026-09-14T23:46:03Z,the-odds-api,2026-09-14T23:46:08.924153Z,2026-09-14T23:46:03Z,1.1.0,a007a45760ed9096200908d5cf6fd92b2ad88fd3fb13772dff10226af59a956f
c79b525a-aad1-422f-9d99-01aa2a47ad0d,4aeee070bb6ec60bdfae4dede61b9014,2026_02_GB_NYJ,2026-09-20T17:00:00Z,fanduel,FanDuel,retail,spreads,AWAY,-3.5,-3.5,-115,1.8695652173913042,0.5348837209302326,0.5108342361863489,1.0470788428814521,2026-09-14T23:46:04Z,the-odds-api,2026-09-14T23:46:08.924153Z,2026-09-14T23:46:04Z,1.1.0,edb8373773230d933ab7a9c9fbb815802c3951e330c5c263035f223908a7eb25
c79b525a-aad1-422f-9d99-01aa2a47ad0d,4aeee070bb6ec60bdfae4dede61b9014,2026_02_GB_NYJ,2026-09-20T17:00:00Z,fanduel,FanDuel,retail,spreads,HOME,3.5,-3.5,-105,1.9523809523809523,0.5121951219512195,0.4891657638136511,1.0470788428814521,2026-09-14T23:46:04Z,the-odds-api,2026-09-14T23:46:08.924153Z,2026-09-14T23:46:04Z,1.1.0,9315c6a911ebe5e539be04930150c75f6cdd7448b0267d997d2b7ac9d6e03d8e
c79b525a-aad1-422f-9d99-01aa2a47ad0d,4aeee070bb6ec60bdfae4dede61b9014,2026_02_GB_NYJ,2026-09-20T17:00:00Z,fanduel,FanDuel,retail,totals,OVER,44.5,44.5,-110,1.9090909090909092,0.5238095238095238,0.5,1.0476190476190477,2026-09-14T23:46:04Z,the-odds-api,2026-09-14T23:46:08.924153Z,2026-09-14T23:46:04Z,1.1.0,4b538062bb03303cc2303516d92215a55bafdc57e0715a853afd27696c580fa3
c79b525a-aad1-422f-9d99-01aa2a47ad0d,4aeee070bb6ec60bdfae4dede61b9014,2026_02_GB_NYJ,2026-09-20T17:00:00Z,fanduel,FanDuel,retail,totals,UNDER,44.5,44.5,-110,1.9090909090909092,0.5238095238095238,0.5,1.0476190476190477,2026-09-14T23:46:04Z,the-odds-api,2026-09-14T23:46:08.924153Z,2026-09-14T23:46:04Z,1.1.0,c5d06ed519094f4dfd1a06a893be6065314d35f7851c7b313f33b451c6cb3e98
c79b525a-aad1-422f-9d99-01aa2a47ad0d,4aeee070bb6ec60bdfae4dede61b9014,2026_02_GB_NYJ,2026-09-20T17:00:00Z,betmgm,BetMGM,retail,spreads,AWAY,-3.5,-3.5,-110,1.9090909090909092,0.5238095238095238,0.5021949078138719,1.0430402930402929,2026-09-14T23:46:04Z,the-odds-api,2026-09-14T23:46:08.924153Z,2026-09-14T23:46:04Z,1.1.0,cdca82fd68b9ee6f8b8ba631a8d85f7ef22637dfa8fa36fa1e9e0d28515195b7
c79b525a-aad1-422f-9d99-01aa2a47ad0d,4aeee070bb6ec60bdfae4dede61b9014,2026_02_GB_NYJ,2026-09-20T17:00:00Z,betmgm,BetMGM,retail,spreads,HOME,3.5,-3.5,-108,1.925925925925926,0.5192307692307692,0.4978050921861282,1.0430402930402929,2026-09-14T23:46:04Z,the-odds-api,2026-09-14T23:46:08.924153Z,2026-09-14T23:46:04Z,1.1.0,ad930eec8dc0f8c608d53583e5dea95ab5c375c14c15113b2e804b3e5408b8af
c79b525a-aad1-422f-9d99-01aa2a47ad0d,4aeee070bb6ec60bdfae4dede61b9014,2026_02_GB_NYJ,2026-09-20T17:00:00Z,betmgm,BetMGM,retail,totals,OVER,44.5,44.5,-110,1.9090909090909092,0.5238095238095238,0.5021949078138719,1.0430402930402929,2026-09-14T23:46:04Z,the-odds-api,2026-09-14T23:46:08.924153Z,2026-09-14T23:46:04Z,1.1.0,b44d0f2a72d509ca8816744b24b090d4dd3f84ff55dbd9cc9929d3befce5c5c0
c79b525a-aad1-422f-9d99-01aa2a47ad0d,4aeee070bb6ec60bdfae4dede61b9014,2026_02_GB_NYJ,2026-09-20T17:00:00Z,betmgm,BetMGM,retail,totals,UNDER,44.5,44.5,-108,1.925925925925926,0.5192307692307692,0.4978050921861282,1.0430402930402929,2026-09-14T23:46:04Z,the-odds-api,2026-09-14T23:46:08.924153Z,2026-09-14T23:46:04Z,1.1.0,fb26a8e26a60ef9a930deb663abb4c1724ff8f40f9c105abd28d19e4a9001e5c
c79b525a-aad1-422f-9d99-01aa2a47ad0d,4aeee070bb6ec60bdfae4dede61b9014,2026_02_GB_NYJ,2026-09-20T17:00:00Z,pinnacle,Pinnacle,anchor,spreads,AWAY,-4.0,-4.0,103,2.0300000000000002,0.4926108374384236,0.4794291448321998,1.027494558368656,2026-09-14T23:46:03Z,the-odds-api,2026-09-14T23:46:08.924153Z,2026-09-14T23:46:03Z,1.1.0,7e551321d4249c49e62d520aa9faa25c9399c2743242720dee443ce4a69245f7
c79b525a-aad1-422f-9d99-01aa2a47ad0d,4aeee070bb6ec60bdfae4dede61b9014,2026_02_GB_NYJ,2026-09-20T17:00:00Z,pinnacle,Pinnacle,anchor,spreads,HOME,4.0,-4.0,-115,1.8695652173913042,0.5348837209302326,0.5205708551678003,1.027494558368656,2026-09-14T23:46:03Z,the-odds-api,2026-09-14T23:46:08.924153Z,2026-09-14T23:46:03Z,1.1.0,e0aea8e925a91593f4af6e25ae16395b32c40dd3ac6e3d2b6262602bcda531d2
c79b525a-aad1-422f-9d99-01aa2a47ad0d,4aeee070bb6ec60bdfae4dede61b9014,2026_02_GB_NYJ,2026-09-20T17:00:00Z,pinnacle,Pinnacle,anchor,totals,OVER,45.0,45.0,-109,1.9174311926605505,0.5215311004784688,0.502225882562436,1.0384393130388552,2026-09-14T23:46:03Z,the-odds-api,2026-09-14T23:46:08.924153Z,2026-09-14T23:46:03Z,1.1.0,7a4b3ee653f243af334ee5ca88574295690121ef4ab33a8657f92a639c14a16a
c79b525a-aad1-422f-9d99-01aa2a47ad0d,4aeee070bb6ec60bdfae4dede61b9014,2026_02_GB_NYJ,2026-09-20T17:00:00Z,pinnacle,Pinnacle,anchor,totals,UNDER,45.0,45.0,-107,1.9345794392523366,0.5169082125603864,0.49777411743756406,1.0384393130388552,2026-09-14T23:46:03Z,the-odds-api,2026-09-14T23:46:08.924153Z,2026-09-14T23:46:03Z,1.1.0,07ff80e95ce1f72b07ef77030465255871a25ca854d4d0a37b47de86c316a18d
c79b525a-aad1-422f-9d99-01aa2a47ad0d,9d14f87600f6edc74dbcb5c74edf6246,2026_02_PIT_NE,2026-09-20T17:00:00Z,draftkings,DraftKings,retail,spreads,HOME,-5.5,5.5,-110,1.9090909090909092,0.5238095238095238,0.5,1.0476190476190477,2026-09-14T23:46:03Z,the-odds-api,2026-09-14T23:46:08.924153Z,2026-09-14T23:46:03Z,1.1.0,bc2a4dfe1663b705a5b89cea57071fe35c11a8f43735214b64a001e9a520a20a
c79b525a-aad1-422f-9d99-01aa2a47ad0d,9d14f87600f6edc74dbcb5c74edf6246,2026_02_PIT_NE,2026-09-20T17:00:00Z,draftkings,DraftKings,retail,spreads,AWAY,5.5,5.5,-110,1.9090909090909092,0.5238095238095238,0.5,1.0476190476190477,2026-09-14T23:46:03Z,the-odds-api,2026-09-14T23:46:08.924153Z,2026-09-14T23:46:03Z,1.1.0,56dc245a66add0dd54348c4b36aaa213a098306be5d916dad812188c6e185d2d
c79b525a-aad1-422f-9d99-01aa2a47ad0d,9d14f87600f6edc74dbcb5c74edf6246,2026_02_PIT_NE,2026-09-20T17:00:00Z,draftkings,DraftKings,retail,totals,OVER,41.5,41.5,-115,1.8695652173913042,0.5348837209302326,0.5108342361863489,1.0470788428814521,2026-09-14T23:46:03Z,the-odds-api,2026-09-14T23:46:08.924153Z,2026-09-14T23:46:03Z,1.1.0,1bfaaefabf87c6345e8aab8217269cbc590faef7f919ed243e89f3f48d360249
c79b525a-aad1-422f-9d99-01aa2a47ad0d,9d14f87600f6edc74dbcb5c74edf6246,2026_02_PIT_NE,2026-09-20T17:00:00Z,draftkings,DraftKings,retail,totals,UNDER,41.5,41.5,-105,1.9523809523809523,0.5121951219512195,0.4891657638136511,1.0470788428814521,2026-09-14T23:46:03Z,the-odds-api,2026-09-14T23:46:08.924153Z,2026-09-14T23:46:03Z,1.1.0,d7d66067030d8963a8fc8eba984b79f8bbb4e38e44261b20ab14f330ce9994bc
c79b525a-aad1-422f-9d99-01aa2a47ad0d,9d14f87600f6edc74dbcb5c74edf6246,2026_02_PIT_NE,2026-09-20T17:00:00Z,fanduel,FanDuel,retail,spreads,HOME,-4.5,4.5,-118,1.847457627118644,0.5412844036697247,0.5149751839808318,1.0510883252383523,2026-09-14T23:46:04Z,the-odds-api,2026-09-14T23:46:08.924153Z,2026-09-14T23:46:04Z,1.1.0,6758b81eee3c0266736beec4efdf58fa9f1db066f20e19747e4aa85ee6467bc5
c79b525a-aad1-422f-9d99-01aa2a47ad0d,9d14f87600f6edc74dbcb5c74edf6246,2026_02_PIT_NE,2026-09-20T17:00:00Z,fanduel,FanDuel,retail,spreads,AWAY,4.5,4.5,-104,1.9615384615384617,0.5098039215686274,0.4850248160191682,1.0510883252383523,2026-09-14T23:46:04Z,the-odds-api,2026-09-14T23:46:08.924153Z,2026-09-14T23:46:04Z,1.1.0,99bb085bfcef381bb81328ad85d5580914173c733bbb58f0ad744c8d160f0d19
c79b525a-aad1-422f-9d99-01aa2a47ad0d,9d14f87600f6edc74dbcb5c74edf6246,2026_02_PIT_NE,2026-09-20T17:00:00Z,fanduel,FanDuel,retail,totals,OVER,42.5,42.5,-105,1.9523809523809523,0.5121951219512195,0.4891657638136511,1.0470788428814521,2026-09-14T23:46:04Z,the-odds-api,2026-09-14T23:46:08.924153Z,2026-09-14T23:46:04Z,1.1.0,4387204aa782def8ebb4c093510bad31d8162ce2cf799e00e4a3562c7ef3ae8b
c79b525a-aad1-422f-9d99-01aa2a47ad0d,9d14f87600f6edc74dbcb5c74edf6246,2026_02_PIT_NE,2026-09-20T17:00:00Z,fanduel,FanDuel,retail,totals,UNDER,42.5,42.5,-115,1.8695652173913042,0.5348837209302326,0.5108342361863489,1.0470788428814521,2026-09-14T23:46:04Z,the-odds-api,2026-09-14T23:46:08.924153Z,2026-09-14T23:46:04Z,1.1.0,66dce67202b21ba8594baa4b8a16c9a569020d6363c62ac15eafccf524bc7a91
c79b525a-aad1-422f-9d99-01aa2a47ad0d,9d14f87600f6edc74dbcb5c74edf6246,2026_02_PIT_NE,2026-09-20T17:00:00Z,betmgm,BetMGM,retail,spreads,HOME,-5.0,5.0,-110,1.9090909090909092,0.5238095238095238,0.5021949078138719,1.0430402930402929,2026-09-14T23:46:05Z,the-odds-api,2026-09-14T23:46:08.924153Z,2026-09-14T23:46:05Z,1.1.0,8cfc58cc2332b1464a4663c4cb707364aba6d8f4e2042c59109ca926e6d766ad
c79b525a-aad1-422f-9d99-01aa2a47ad0d,9d14f87600f6edc74dbcb5c74edf6246,2026_02_PIT_NE,2026-09-20T17:00:00Z,betmgm,BetMGM,retail,spreads,AWAY,5.0,5.0,-108,1.925925925925926,0.5192307692307692,0.4978050921861282,1.0430402930402929,2026-09-14T23:46:05Z,the-odds-api,2026-09-14T23:46:08.924153Z,2026-09-14T23:46:05Z,1.1.0,2dee3ac63ad42429a37b72381cf7d03be46475104cee839595044a0591f5bff0
c79b525a-aad1-422f-9d99-01aa2a47ad0d,9d14f87600f6edc74dbcb5c74edf6246,2026_02_PIT_NE,2026-09-20T17:00:00Z,betmgm,BetMGM,retail,totals,OVER,41.5,41.5,-110,1.9090909090909092,0.5238095238095238,0.5021949078138719,1.0430402930402929,2026-09-14T23:46:05Z,the-odds-api,2026-09-14T23:46:08.924153Z,2026-09-14T23:46:05Z,1.1.0,83a15460115fc4c49360fa569192c8fa9a2a8cb956c34ee554071ee288650ce0
c79b525a-aad1-422f-9d99-01aa2a47ad0d,9d14f87600f6edc74dbcb5c74edf6246,2026_02_PIT_NE,2026-09-20T17:00:00Z,betmgm,BetMGM,retail,totals,UNDER,41.5,41.5,-108,1.925925925925926,0.5192307692307692,0.4978050921861282,1.0430402930402929,2026-09-14T23:46:05Z,the-odds-api,2026-09-14T23:46:08.924153Z,2026-09-14T23:46:05Z,1.1.0,5d557143f333253895b21f6a022e622958a0cd685d16a43ee57db493c2c81cb9
c79b525a-aad1-422f-9d99-01aa2a47ad0d,9d14f87600f6edc74dbcb5c74edf6246,2026_02_PIT_NE,2026-09-20T17:00:00Z,pinnacle,Pinnacle,anchor,spreads,HOME,-5.5,5.5,-102,1.9803921568627452,0.504950495049505,0.4908340971585702,1.0287600188590287,2026-09-14T23:46:03Z,the-odds-api,2026-09-14T23:46:08.924153Z,2026-09-14T23:46:03Z,1.1.0,77ea6542d99a0b261145e5e85c78204fbe9596d21d8f13c870b2e33ecff105fd
c79b525a-aad1-422f-9d99-01aa2a47ad0d,9d14f87600f6edc74dbcb5c74edf6246,2026_02_PIT_NE,2026-09-20T17:00:00Z,pinnacle,Pinnacle,anchor,spreads,AWAY,5.5,5.5,-110,1.9090909090909092,0.5238095238095238,0.5091659028414299,1.0287600188590287,2026-09-14T23:46:03Z,the-odds-api,2026-09-14T23:46:08.924153Z,2026-09-14T23:46:03Z,1.1.0,6319886b64d72bf4327747ab4a7ac68b844424fe0c7f5ff48c7d174cd642a94a
c79b525a-aad1-422f-9d99-01aa2a47ad0d,9d14f87600f6edc74dbcb5c74edf6246,2026_02_PIT_NE,2026-09-20T17:00:00Z,pinnacle,Pinnacle,anchor,totals,OVER,42.0,42.0,-108,1.925925925925926,0.5192307692307692,0.5,1.0384615384615383,2026-09-14T23:46:03Z,the-odds-api,2026-09-14T23:46:08.924153Z,2026-09-14T23:46:03Z,1.1.0,6ed269d809f3906a92228ed160d507efe7805533a42348c73bc8a4880432e37b
c79b525a-aad1-422f-9d99-01aa2a47ad0d,9d14f87600f6edc74dbcb5c74edf6246,2026_02_PIT_NE,2026-09-20T17:00:00Z,pinnacle,Pinnacle,anchor,totals,UNDER,42.0,42.0,-108,1.925925925925926,0.5192307692307692,0.5,1.0384615384615383,2026-09-14T23:46:03Z,the-odds-api,2026-09-14T23:46:08.924153Z,2026-09-14T23:46:03Z,1.1.0,3733a8f9f39e75855e9101c35f79cc92ce081f1ccc909d29d9c02309285f4f94
c79b525a-aad1-422f-9d99-01aa2a47ad0d,fafc649c455e32a0f2ba1bd06e2039bc,2026_02_PHI_TEN,2026-09-20T17:00:00Z,draftkings,DraftKings,retail,spreads,AWAY,-7.0,-7.0,-110,1.9090909090909092,0.5238095238095238,0.5,1.0476190476190477,2026-09-14T23:46:03Z,the-odds-api,2026-09-14T23:46:08.924153Z,2026-09-14T23:46:03Z,1.1.0,f8f4cceea5273344582f1a1f9ce5fcefed6fba80861970ab42eeaf6d019e891b
c79b525a-aad1-422f-9d99-01aa2a47ad0d,fafc649c455e32a0f2ba1bd06e2039bc,2026_02_PHI_TEN,2026-09-20T17:00:00Z,draftkings,DraftKings,retail,spreads,HOME,7.0,-7.0,-110,1.9090909090909092,0.5238095238095238,0.5,1.0476190476190477,2026-09-14T23:46:03Z,the-odds-api,2026-09-14T23:46:08.924153Z,2026-09-14T23:46:03Z,1.1.0,673bc316037377b0ed2304c99a7769585fb358803a21592cd1913e035420d1b9
c79b525a-aad1-422f-9d99-01aa2a47ad0d,fafc649c455e32a0f2ba1bd06e2039bc,2026_02_PHI_TEN,2026-09-20T17:00:00Z,draftkings,DraftKings,retail,totals,OVER,39.5,39.5,-110,1.9090909090909092,0.5238095238095238,0.5,1.0476190476190477,2026-09-14T23:46:03Z,the-odds-api,2026-09-14T23:46:08.924153Z,2026-09-14T23:46:03Z,1.1.0,057bc44309f146c2b77ea5c8645a749732414fd8b5debe979d694049b406f6e1
c79b525a-aad1-422f-9d99-01aa2a47ad0d,fafc649c455e32a0f2ba1bd06e2039bc,2026_02_PHI_TEN,2026-09-20T17:00:00Z,draftkings,DraftKings,retail,totals,UNDER,39.5,39.5,-110,1.9090909090909092,0.5238095238095238,0.5,1.0476190476190477,2026-09-14T23:46:03Z,the-odds-api,2026-09-14T23:46:08.924153Z,2026-09-14T23:46:03Z,1.1.0,7f2644c26a97787c6f05cad0e4757e5a24bffedf6cd9a435822a5810bfb07cd1
c79b525a-aad1-422f-9d99-01aa2a47ad0d,fafc649c455e32a0f2ba1bd06e2039bc,2026_02_PHI_TEN,2026-09-20T17:00:00Z,fanduel,FanDuel,retail,spreads,AWAY,-7.0,-7.0,-110,1.9090909090909092,0.5238095238095238,0.5,1.0476190476190477,2026-09-14T23:46:04Z,the-odds-api,2026-09-14T23:46:08.924153Z,2026-09-14T23:46:04Z,1.1.0,e41baeec919303c0c55a181e40e71b19c79a56782698204c0b231724e7e2a47b
c79b525a-aad1-422f-9d99-01aa2a47ad0d,fafc649c455e32a0f2ba1bd06e2039bc,2026_02_PHI_TEN,2026-09-20T17:00:00Z,fanduel,FanDuel,retail,spreads,HOME,7.0,-7.0,-110,1.9090909090909092,0.5238095238095238,0.5,1.0476190476190477,2026-09-14T23:46:04Z,the-odds-api,2026-09-14T23:46:08.924153Z,2026-09-14T23:46:04Z,1.1.0,6f75945c6f63a9ed93112c73a2a8f6e556cc208f2b768194cdedf0c0cb04ed6c
c79b525a-aad1-422f-9d99-01aa2a47ad0d,fafc649c455e32a0f2ba1bd06e2039bc,2026_02_PHI_TEN,2026-09-20T17:00:00Z,fanduel,FanDuel,retail,totals,OVER,39.5,39.5,-112,1.8928571428571428,0.5283018867924528,0.5043297540699689,1.0475326560232219,2026-09-14T23:46:04Z,the-odds-api,2026-09-14T23:46:08.924153Z,2026-09-14T23:46:04Z,1.1.0,b75e19cf678cc200f5d627dc5adcd673fdf6396174ffa6fbd22b9e61ceb8d640
c79b525a-aad1-422f-9d99-01aa2a47ad0d,fafc649c455e32a0f2ba1bd06e2039bc,2026_02_PHI_TEN,2026-09-20T17:00:00Z,fanduel,FanDuel,retail,totals,UNDER,39.5,39.5,-108,1.925925925925926,0.5192307692307692,0.4956702459300312,1.0475326560232219,2026-09-14T23:46:04Z,the-odds-api,2026-09-14T23:46:08.924153Z,2026-09-14T23:46:04Z,1.1.0,a4580859de07b8866e6493640d46eab7c65b3a8ef4b78a98c72ae07927458a7f
c79b525a-aad1-422f-9d99-01aa2a47ad0d,fafc649c455e32a0f2ba1bd06e2039bc,2026_02_PHI_TEN,2026-09-20T17:00:00Z,betmgm,BetMGM,retail,spreads,AWAY,-7.0,-7.0,-110,1.9090909090909092,0.5238095238095238,0.5021949078138719,1.0430402930402929,2026-09-14T23:46:05Z,the-odds-api,2026-09-14T23:46:08.924153Z,2026-09-14T23:46:05Z,1.1.0,d76012f173808883ef9566c694b34f959a8e943cd9e0a6e926ee1486543b175a
c79b525a-aad1-422f-9d99-01aa2a47ad0d,fafc649c455e32a0f2ba1bd06e2039bc,2026_02_PHI_TEN,2026-09-20T17:00:00Z,betmgm,BetMGM,retail,spreads,HOME,7.0,-7.0,-108,1.925925925925926,0.5192307692307692,0.4978050921861282,1.0430402930402929,2026-09-14T23:46:05Z,the-odds-api,2026-09-14T23:46:08.924153Z,2026-09-14T23:46:05Z,1.1.0,18c77b51e56be36f4916136f32ad604817e8c4c03e39ddb3c160af2f47b95ff1
c79b525a-aad1-422f-9d99-01aa2a47ad0d,fafc649c455e32a0f2ba1bd06e2039bc,2026_02_PHI_TEN,2026-09-20T17:00:00Z,betmgm,BetMGM,retail,totals,OVER,39.5,39.5,-110,1.9090909090909092,0.5238095238095238,0.5,1.0476190476190477,2026-09-14T23:46:05Z,the-odds-api,2026-09-14T23:46:08.924153Z,2026-09-14T23:46:05Z,1.1.0,4457188bc9910853a4666023ae1bd46af20d3ce62f2e2b5c9675253cc00168b6
c79b525a-aad1-422f-9d99-01aa2a47ad0d,fafc649c455e32a0f2ba1bd06e2039bc,2026_02_PHI_TEN,2026-09-20T17:00:00Z,betmgm,BetMGM,retail,totals,UNDER,39.5,39.5,-110,1.9090909090909092,0.5238095238095238,0.5,1.0476190476190477,2026-09-14T23:46:05Z,the-odds-api,2026-09-14T23:46:08.924153Z,2026-09-14T23:46:05Z,1.1.0,9b596b41bfb48c8b7a25b06a0849c372adea8ec9a49726fbedf832270f2eaae4
c79b525a-aad1-422f-9d99-01aa2a47ad0d,fafc649c455e32a0f2ba1bd06e2039bc,2026_02_PHI_TEN,2026-09-20T17:00:00Z,pinnacle,Pinnacle,anchor,spreads,AWAY,-7.5,-7.5,105,2.05,0.48780487804878053,0.47401609045444665,1.0290892817185053,2026-09-14T23:46:03Z,the-odds-api,2026-09-14T23:46:08.924153Z,2026-09-14T23:46:03Z,1.1.0,7e8f2cef8d5a346f2c5e81887deaed751bf8ead07183078ecb04e2dd5aebf8e3
c79b525a-aad1-422f-9d99-01aa2a47ad0d,fafc649c455e32a0f2ba1bd06e2039bc,2026_02_PHI_TEN,2026-09-20T17:00:00Z,pinnacle,Pinnacle,anchor,spreads,HOME,7.5,-7.5,-118,1.847457627118644,0.5412844036697247,0.5259839095455533,1.0290892817185053,2026-09-14T23:46:03Z,the-odds-api,2026-09-14T23:46:08.924153Z,2026-09-14T23:46:03Z,1.1.0,1d975d9dd9d56f4df64fd9b29228175433dda0a6cb233c5f7c7e292bd88554b6
c79b525a-aad1-422f-9d99-01aa2a47ad0d,fafc649c455e32a0f2ba1bd06e2039bc,2026_02_PHI_TEN,2026-09-20T17:00:00Z,pinnacle,Pinnacle,anchor,totals,OVER,39.5,39.5,-112,1.8928571428571428,0.5283018867924528,0.5089094796863863,1.0381058083610801,2026-09-14T23:46:03Z,the-odds-api,2026-09-14T23:46:08.924153Z,2026-09-14T23:46:03Z,1.1.0,1170b3c1c7baa96e4e00509d3f9ebf3e3d0782eba22ee493a0fb155fafb34dd2
c79b525a-aad1-422f-9d99-01aa2a47ad0d,fafc649c455e32a0f2ba1bd06e2039bc,2026_02_PHI_TEN,2026-09-20T17:00:00Z,pinnacle,Pinnacle,anchor,totals,UNDER,39.5,39.5,-104,1.9615384615384617,0.5098039215686274,0.4910905203136137,1.0381058083610801,2026-09-14T23:46:03Z,the-odds-api,2026-09-14T23:46:08.924153Z,2026-09-14T23:46:03Z,1.1.0,2229b78136deb54161a25354f16ef52448e6b449f2a7fc452239b893a3761924
c79b525a-aad1-422f-9d99-01aa2a47ad0d,1fd6628c781f556a7a19638e97d7107f,2026_02_JAX_DEN,2026-09-20T20:05:00Z,draftkings,DraftKings,retail,spreads,HOME,-2.5,2.5,-118,1.847457627118644,0.5412844036697247,0.5173641257162701,1.0462348987192298,2026-09-14T23:46:03Z,the-odds-api,2026-09-14T23:46:08.924153Z,2026-09-14T23:46:03Z,1.1.0,3e134fb85006c6112c9a59fda479f3b070fe39a25087e8e0fe5886a1aa72e8b7
c79b525a-aad1-422f-9d99-01aa2a47ad0d,1fd6628c781f556a7a19638e97d7107f,2026_02_JAX_DEN,2026-09-20T20:05:00Z,draftkings,DraftKings,retail,spreads,AWAY,2.5,2.5,-102,1.9803921568627452,0.504950495049505,0.4826358742837298,1.0462348987192298,2026-09-14T23:46:03Z,the-odds-api,2026-09-14T23:46:08.924153Z,2026-09-14T23:46:03Z,1.1.0,6c9ea2f4699e9b1637aa1b55773961132f0a098aea7e84fb736e9a8271e87939
c79b525a-aad1-422f-9d99-01aa2a47ad0d,1fd6628c781f556a7a19638e97d7107f,2026_02_JAX_DEN,2026-09-20T20:05:00Z,draftkings,DraftKings,retail,totals,OVER,44.5,44.5,-115,1.8695652173913042,0.5348837209302326,0.5108342361863489,1.0470788428814521,2026-09-14T23:46:03Z,the-odds-api,2026-09-14T23:46:08.924153Z,2026-09-14T23:46:03Z,1.1.0,3a0ebf3c8cc73b48870835e00d10443ccf2628115bb19c0024a1774d5c12420a
c79b525a-aad1-422f-9d99-01aa2a47ad0d,1fd6628c781f556a7a19638e97d7107f,2026_02_JAX_DEN,2026-09-20T20:05:00Z,draftkings,DraftKings,retail,totals,UNDER,44.5,44.5,-105,1.9523809523809523,0.5121951219512195,0.4891657638136511,1.0470788428814521,2026-09-14T23:46:03Z,the-odds-api,2026-09-14T23:46:08.924153Z,2026-09-14T23:46:03Z,1.1.0,b47d89dfa373cf46e54a407e7e8647e35b3d6592fd4fc1a4dd52f049d333212c
c79b525a-aad1-422f-9d99-01aa2a47ad0d,1fd6628c781f556a7a19638e97d7107f,2026_02_JAX_DEN,2026-09-20T20:05:00Z,fanduel,FanDuel,retail,spreads,HOME,-2.5,2.5,-115,1.8695652173913042,0.5348837209302326,0.5108342361863489,1.0470788428814521,2026-09-14T23:46:04Z,the-odds-api,2026-09-14T23:46:08.924153Z,2026-09-14T23:46:04Z,1.1.0,89b0902072eba155fa062988001fe37f61e6de05888b36d5d67a0b19e5a5de44
c79b525a-aad1-422f-9d99-01aa2a47ad0d,1fd6628c781f556a7a19638e97d7107f,2026_02_JAX_DEN,2026-09-20T20:05:00Z,fanduel,FanDuel,retail,spreads,AWAY,2.5,2.5,-105,1.9523809523809523,0.5121951219512195,0.4891657638136511,1.0470788428814521,2026-09-14T23:46:04Z,the-odds-api,2026-09-14T23:46:08.924153Z,2026-09-14T23:46:04Z,1.1.0,7fd210207a29d50a045a92106f060b531e9ed53c26f87f2fc8d20bc64b809170
c79b525a-aad1-422f-9d99-01aa2a47ad0d,1fd6628c781f556a7a19638e97d7107f,2026_02_JAX_DEN,2026-09-20T20:05:00Z,fanduel,FanDuel,retail,totals,OVER,44.5,44.5,-110,1.9090909090909092,0.5238095238095238,0.5,1.0476190476190477,2026-09-14T23:46:04Z,the-odds-api,2026-09-14T23:46:08.924153Z,2026-09-14T23:46:04Z,1.1.0,beb5ddede1053c2956aef2f39c35d9a2c07de809ec2607f31844016df636d02b
c79b525a-aad1-422f-9d99-01aa2a47ad0d,1fd6628c781f556a7a19638e97d7107f,2026_02_JAX_DEN,2026-09-20T20:05:00Z,fanduel,FanDuel,retail,totals,UNDER,44.5,44.5,-110,1.9090909090909092,0.5238095238095238,0.5,1.0476190476190477,2026-09-14T23:46:04Z,the-odds-api,2026-09-14T23:46:08.924153Z,2026-09-14T23:46:04Z,1.1.0,2fb21dd7e83b05b2d35debf30d81cea0c4a28e0ac567fdc9c67943bac3ef98e2
c79b525a-aad1-422f-9d99-01aa2a47ad0d,1fd6628c781f556a7a19638e97d7107f,2026_02_JAX_DEN,2026-09-20T20:05:00Z,betmgm,BetMGM,retail,spreads,HOME,-2.5,2.5,-118,1.847457627118644,0.5412844036697247,0.5173641257162701,1.0462348987192298,2026-09-14T23:46:05Z,the-odds-api,2026-09-14T23:46:08.924153Z,2026-09-14T23:46:05Z,1.1.0,6a8f1b58de4d1047568099e4f034cf030285d988932a1af4452fa47a67c7a53d
c79b525a-aad1-422f-9d99-01aa2a47ad0d,1fd6628c781f556a7a19638e97d7107f,2026_02_JAX_DEN,2026-09-20T20:05:00Z,betmgm,BetMGM,retail,spreads,AWAY,2.5,2.5,-102,1.9803921568627452,0.504950495049505,0.4826358742837298,1.0462348987192298,2026-09-14T23:46:05Z,the-odds-api,2026-09-14T23:46:08.924153Z,2026-09-14T23:46:05Z,1.1.0,615575600cc690328ec1d9db0fc330ddc41cf987b3ac1d273d75035544683a2c
c79b525a-aad1-422f-9d99-01aa2a47ad0d,1fd6628c781f556a7a19638e97d7107f,2026_02_JAX_DEN,2026-09-20T20:05:00Z,betmgm,BetMGM,retail,totals,OVER,44.5,44.5,-110,1.9090909090909092,0.5238095238095238,0.5021949078138719,1.0430402930402929,2026-09-14T23:46:05Z,the-odds-api,2026-09-14T23:46:08.924153Z,2026-09-14T23:46:05Z,1.1.0,21561790de044519386da86a6c6276a7b9c6bf10baf35801a588646241389274
c79b525a-aad1-422f-9d99-01aa2a47ad0d,1fd6628c781f556a7a19638e97d7107f,2026_02_JAX_DEN,2026-09-20T20:05:00Z,betmgm,BetMGM,retail,totals,UNDER,44.5,44.5,-108,1.925925925925926,0.5192307692307692,0.4978050921861282,1.0430402930402929,2026-09-14T23:46:05Z,the-odds-api,2026-09-14T23:46:08.924153Z,2026-09-14T23:46:05Z,1.1.0,4ca85fbfb7cba2854aa7f144f10cf0ba0c3a518942e8f91962c9f9a417d9c790
c79b525a-aad1-422f-9d99-01aa2a47ad0d,71b3b83747589efdc5baef2c5cf811bf,2026_02_LV_LAC,2026-09-20T20:05:00Z,draftkings,DraftKings,retail,spreads,AWAY,7.0,7.0,-115,1.8695652173913042,0.5348837209302326,0.5108342361863489,1.0470788428814521,2026-09-14T23:46:03Z,the-odds-api,2026-09-14T23:46:08.924153Z,2026-09-14T23:46:03Z,1.1.0,1b6a41e3ecc9476c7ef59727d29cd4094a25f64a5bb38becc5abfba139417525
c79b525a-aad1-422f-9d99-01aa2a47ad0d,71b3b83747589efdc5baef2c5cf811bf,2026_02_LV_LAC,2026-09-20T20:05:00Z,draftkings,DraftKings,retail,spreads,HOME,-7.0,7.0,-105,1.9523809523809523,0.5121951219512195,0.4891657638136511,1.0470788428814521,2026-09-14T23:46:03Z,the-odds-api,2026-09-14T23:46:08.924153Z,2026-09-14T23:46:03Z,1.1.0,6fdb39f4b09e32dacd756794a0ea76d47d9a7d2200a9947e57902f94e2b4c8fd
c79b525a-aad1-422f-9d99-01aa2a47ad0d,71b3b83747589efdc5baef2c5cf811bf,2026_02_LV_LAC,2026-09-20T20:05:00Z,draftkings,DraftKings,retail,totals,OVER,43.5,43.5,-110,1.9090909090909092,0.5238095238095238,0.5,1.0476190476190477,2026-09-14T23:46:03Z,the-odds-api,2026-09-14T23:46:08.924153Z,2026-09-14T23:46:03Z,1.1.0,d6a99f5be45fb0ba2897e8c03b6d552d52a8fe1beac43dcdad4d053303697eab
c79b525a-aad1-422f-9d99-01aa2a47ad0d,71b3b83747589efdc5baef2c5cf811bf,2026_02_LV_LAC,2026-09-20T20:05:00Z,draftkings,DraftKings,retail,totals,UNDER,43.5,43.5,-110,1.9090909090909092,0.5238095238095238,0.5,1.0476190476190477,2026-09-14T23:46:03Z,the-odds-api,2026-09-14T23:46:08.924153Z,2026-09-14T23:46:03Z,1.1.0,22c2f0eda3e53a63afc86d29b83c9ccf962c2b805d94f106bed567fad084c4b6
c79b525a-aad1-422f-9d99-01aa2a47ad0d,71b3b83747589efdc5baef2c5cf811bf,2026_02_LV_LAC,2026-09-20T20:05:00Z,fanduel,FanDuel,retail,spreads,AWAY,7.0,7.0,-108,1.925925925925926,0.5192307692307692,0.4956702459300312,1.0475326560232219,2026-09-14T23:46:04Z,the-odds-api,2026-09-14T23:46:08.924153Z,2026-09-14T23:46:04Z,1.1.0,f34c40a4d6c2e79fa2dcfb8c7648066343f1fafef0307c8f98b5654ad8375e5c
c79b525a-aad1-422f-9d99-01aa2a47ad0d,71b3b83747589efdc5baef2c5cf811bf,2026_02_LV_LAC,2026-09-20T20:05:00Z,fanduel,FanDuel,retail,spreads,HOME,-7.0,7.0,-112,1.8928571428571428,0.5283018867924528,0.5043297540699689,1.0475326560232219,2026-09-14T23:46:04Z,the-odds-api,2026-09-14T23:46:08.924153Z,2026-09-14T23:46:04Z,1.1.0,ebc0d652da6998cb09c91f8863a453c958092ba7775c3da7f07a0792242a8f4b
c79b525a-aad1-422f-9d99-01aa2a47ad0d,71b3b83747589efdc5baef2c5cf811bf,2026_02_LV_LAC,2026-09-20T20:05:00Z,fanduel,FanDuel,retail,totals,OVER,43.5,43.5,-110,1.9090909090909092,0.5238095238095238,0.5,1.0476190476190477,2026-09-14T23:46:04Z,the-odds-api,2026-09-14T23:46:08.924153Z,2026-09-14T23:46:04Z,1.1.0,d0b1678320349aeb5449bb548e14c4731c338f779579f4ed8cff6950e64defb3
c79b525a-aad1-422f-9d99-01aa2a47ad0d,71b3b83747589efdc5baef2c5cf811bf,2026_02_LV_LAC,2026-09-20T20:05:00Z,fanduel,FanDuel,retail,totals,UNDER,43.5,43.5,-110,1.9090909090909092,0.5238095238095238,0.5,1.0476190476190477,2026-09-14T23:46:04Z,the-odds-api,2026-09-14T23:46:08.924153Z,2026-09-14T23:46:04Z,1.1.0,a860a3f6242374dd50bfa2baa939baaec672e391e7e33d7fc62af27370cfd6e8
c79b525a-aad1-422f-9d99-01aa2a47ad0d,71b3b83747589efdc5baef2c5cf811bf,2026_02_LV_LAC,2026-09-20T20:05:00Z,betmgm,BetMGM,retail,spreads,AWAY,7.0,7.0,-115,1.8695652173913042,0.5348837209302326,0.5108342361863489,1.0470788428814521,2026-09-14T23:46:05Z,the-odds-api,2026-09-14T23:46:08.924153Z,2026-09-14T23:46:05Z,1.1.0,4f4e14cb1021a0257a6bc6f7d19a58081da9a8c96dae1107f953ae3b649e215f
c79b525a-aad1-422f-9d99-01aa2a47ad0d,71b3b83747589efdc5baef2c5cf811bf,2026_02_LV_LAC,2026-09-20T20:05:00Z,betmgm,BetMGM,retail,spreads,HOME,-7.0,7.0,-105,1.9523809523809523,0.5121951219512195,0.4891657638136511,1.0470788428814521,2026-09-14T23:46:05Z,the-odds-api,2026-09-14T23:46:08.924153Z,2026-09-14T23:46:05Z,1.1.0,4f0b56fd0930eb97812db6df36924631ef191107cedac2bf463177ac611de102
c79b525a-aad1-422f-9d99-01aa2a47ad0d,71b3b83747589efdc5baef2c5cf811bf,2026_02_LV_LAC,2026-09-20T20:05:00Z,betmgm,BetMGM,retail,totals,OVER,43.5,43.5,-110,1.9090909090909092,0.5238095238095238,0.5021949078138719,1.0430402930402929,2026-09-14T23:46:05Z,the-odds-api,2026-09-14T23:46:08.924153Z,2026-09-14T23:46:05Z,1.1.0,f075f587c9d924378d167aa3ca92e6923217d0a8443fef9f843131b860493be1
c79b525a-aad1-422f-9d99-01aa2a47ad0d,71b3b83747589efdc5baef2c5cf811bf,2026_02_LV_LAC,2026-09-20T20:05:00Z,betmgm,BetMGM,retail,totals,UNDER,43.5,43.5,-108,1.925925925925926,0.5192307692307692,0.4978050921861282,1.0430402930402929,2026-09-14T23:46:05Z,the-odds-api,2026-09-14T23:46:08.924153Z,2026-09-14T23:46:05Z,1.1.0,93a614c293d07f19a3a26419129fdc5f628395b45ad4b7ab697ae1fa5824dd2c
c79b525a-aad1-422f-9d99-01aa2a47ad0d,71b3b83747589efdc5baef2c5cf811bf,2026_02_LV_LAC,2026-09-20T20:05:00Z,pinnacle,Pinnacle,anchor,spreads,AWAY,7.0,7.0,-115,1.8695652173913042,0.5348837209302326,0.5193382517326179,1.0299332258807277,2026-09-14T23:46:03Z,the-odds-api,2026-09-14T23:46:08.924153Z,2026-09-14T23:46:03Z,1.1.0,41c86b210702f13e6c67b19ce980c89a1f8d6bb727a443617b739ff1c819092a
c79b525a-aad1-422f-9d99-01aa2a47ad0d,71b3b83747589efdc5baef2c5cf811bf,2026_02_LV_LAC,2026-09-20T20:05:00Z,pinnacle,Pinnacle,anchor,spreads,HOME,-7.0,7.0,102,2.02,0.49504950495049505,0.48066174826738206,1.0299332258807277,2026-09-14T23:46:03Z,the-odds-api,2026-09-14T23:46:08.924153Z,2026-09-14T23:46:03Z,1.1.0,5dcfbd9b3f125b28ae0c17bce9ce4418966f07c53f412a398169e02e5712bc6b
c79b525a-aad1-422f-9d99-01aa2a47ad0d,71b3b83747589efdc5baef2c5cf811bf,2026_02_LV_LAC,2026-09-20T20:05:00Z,pinnacle,Pinnacle,anchor,totals,OVER,44.0,44.0,-101,1.99009900990099,0.5024875621890548,0.4843854561677448,1.0373712831192874,2026-09-14T23:46:03Z,the-odds-api,2026-09-14T23:46:08.924153Z,2026-09-14T23:46:03Z,1.1.0,25323fcd76b5bd194f79a4d337915665697118c993e99f9231d6d9073dc520f7
c79b525a-aad1-422f-9d99-01aa2a47ad0d,71b3b83747589efdc5baef2c5cf811bf,2026_02_LV_LAC,2026-09-20T20:05:00Z,pinnacle,Pinnacle,anchor,totals,UNDER,44.0,44.0,-115,1.8695652173913042,0.5348837209302326,0.5156145438322552,1.0373712831192874,2026-09-14T23:46:03Z,the-odds-api,2026-09-14T23:46:08.924153Z,2026-09-14T23:46:03Z,1.1.0,cf4c489d81aff631012ec28f93f511fdd22a572eb687e20bebbede22eb0698dd
c79b525a-aad1-422f-9d99-01aa2a47ad0d,4dd8020192a544385db42374e5555303,2026_02_SEA_ARI,2026-09-20T20:25:00Z,draftkings,DraftKings,retail,spreads,HOME,4.5,-4.5,-115,1.8695652173913042,0.5348837209302326,0.5108342361863489,1.0470788428814521,2026-09-14T23:46:03Z,the-odds-api,2026-09-14T23:46:08.924153Z,2026-09-14T23:46:03Z,1.1.0,7f8de40a534b74f2512ef6172024ee0a828161ac7188c9c5745c019384c41858
c79b525a-aad1-422f-9d99-01aa2a47ad0d,4dd8020192a544385db42374e5555303,2026_02_SEA_ARI,2026-09-20T20:25:00Z,draftkings,DraftKings,retail,spreads,AWAY,-4.5,-4.5,-105,1.9523809523809523,0.5121951219512195,0.4891657638136511,1.0470788428814521,2026-09-14T23:46:03Z,the-odds-api,2026-09-14T23:46:08.924153Z,2026-09-14T23:46:03Z,1.1.0,1698047fe1bf0d9829c295018cd54833be1b821bb4651dbddcc77857e62690b6
c79b525a-aad1-422f-9d99-01aa2a47ad0d,4dd8020192a544385db42374e5555303,2026_02_SEA_ARI,2026-09-20T20:25:00Z,draftkings,DraftKings,retail,totals,OVER,41.5,41.5,-110,1.9090909090909092,0.5238095238095238,0.5,1.0476190476190477,2026-09-14T23:46:03Z,the-odds-api,2026-09-14T23:46:08.924153Z,2026-09-14T23:46:03Z,1.1.0,5ee7748acad324eace74d8ff0ae8975dc73d87241a8bd7a2d49b333fd1ff4bd2
c79b525a-aad1-422f-9d99-01aa2a47ad0d,4dd8020192a544385db42374e5555303,2026_02_SEA_ARI,2026-09-20T20:25:00Z,draftkings,DraftKings,retail,totals,UNDER,41.5,41.5,-110,1.9090909090909092,0.5238095238095238,0.5,1.0476190476190477,2026-09-14T23:46:03Z,the-odds-api,2026-09-14T23:46:08.924153Z,2026-09-14T23:46:03Z,1.1.0,608df0affed8cae0b0e3e2315deaa51de97c7a35ff6d976994010a8f81e60961
c79b525a-aad1-422f-9d99-01aa2a47ad0d,4dd8020192a544385db42374e5555303,2026_02_SEA_ARI,2026-09-20T20:25:00Z,fanduel,FanDuel,retail,spreads,HOME,4.5,-4.5,-105,1.9523809523809523,0.5121951219512195,0.4891657638136511,1.0470788428814521,2026-09-14T23:46:04Z,the-odds-api,2026-09-14T23:46:08.924153Z,2026-09-14T23:46:04Z,1.1.0,0dad774d817f045ada83965fef4d9789b9bccd24bdf0795c275692d631004a41
c79b525a-aad1-422f-9d99-01aa2a47ad0d,4dd8020192a544385db42374e5555303,2026_02_SEA_ARI,2026-09-20T20:25:00Z,fanduel,FanDuel,retail,spreads,AWAY,-4.5,-4.5,-115,1.8695652173913042,0.5348837209302326,0.5108342361863489,1.0470788428814521,2026-09-14T23:46:04Z,the-odds-api,2026-09-14T23:46:08.924153Z,2026-09-14T23:46:04Z,1.1.0,ef79a8f814fcd466ee1141f16c2c45046f955d3319947fa00a1f0c82d9f8bb85
c79b525a-aad1-422f-9d99-01aa2a47ad0d,4dd8020192a544385db42374e5555303,2026_02_SEA_ARI,2026-09-20T20:25:00Z,fanduel,FanDuel,retail,totals,OVER,41.5,41.5,-105,1.9523809523809523,0.5121951219512195,0.4891657638136511,1.0470788428814521,2026-09-14T23:46:04Z,the-odds-api,2026-09-14T23:46:08.924153Z,2026-09-14T23:46:04Z,1.1.0,2c94e67ccc845247ee034d3d1e98d1d928f337d6535898ede9eef6eb3d4b432e
c79b525a-aad1-422f-9d99-01aa2a47ad0d,4dd8020192a544385db42374e5555303,2026_02_SEA_ARI,2026-09-20T20:25:00Z,fanduel,FanDuel,retail,totals,UNDER,41.5,41.5,-115,1.8695652173913042,0.5348837209302326,0.5108342361863489,1.0470788428814521,2026-09-14T23:46:04Z,the-odds-api,2026-09-14T23:46:08.924153Z,2026-09-14T23:46:04Z,1.1.0,cf2ca7470591debd97c39cef58bee0c3abc654ffe9608a3227291eab45c2de78
c79b525a-aad1-422f-9d99-01aa2a47ad0d,4dd8020192a544385db42374e5555303,2026_02_SEA_ARI,2026-09-20T20:25:00Z,betmgm,BetMGM,retail,spreads,HOME,4.5,-4.5,-110,1.9090909090909092,0.5238095238095238,0.5021949078138719,1.0430402930402929,2026-09-14T23:46:05Z,the-odds-api,2026-09-14T23:46:08.924153Z,2026-09-14T23:46:05Z,1.1.0,8067c769eecfce24d3e04a64cd80e99d0df6bf2b26f3d3ec92172fc5c573d63e
c79b525a-aad1-422f-9d99-01aa2a47ad0d,4dd8020192a544385db42374e5555303,2026_02_SEA_ARI,2026-09-20T20:25:00Z,betmgm,BetMGM,retail,spreads,AWAY,-4.5,-4.5,-108,1.925925925925926,0.5192307692307692,0.4978050921861282,1.0430402930402929,2026-09-14T23:46:05Z,the-odds-api,2026-09-14T23:46:08.924153Z,2026-09-14T23:46:05Z,1.1.0,12369d625902940b29553d3778d9e10313d547f5652f25f82075b87e11e8c39a
c79b525a-aad1-422f-9d99-01aa2a47ad0d,4dd8020192a544385db42374e5555303,2026_02_SEA_ARI,2026-09-20T20:25:00Z,betmgm,BetMGM,retail,totals,OVER,41.5,41.5,-108,1.925925925925926,0.5192307692307692,0.4956702459300312,1.0475326560232219,2026-09-14T23:46:05Z,the-odds-api,2026-09-14T23:46:08.924153Z,2026-09-14T23:46:05Z,1.1.0,4fe6e339c2484bbc59791854f205bcd250dc90028f7bc8198896d5e2ae3ee43c
c79b525a-aad1-422f-9d99-01aa2a47ad0d,4dd8020192a544385db42374e5555303,2026_02_SEA_ARI,2026-09-20T20:25:00Z,betmgm,BetMGM,retail,totals,UNDER,41.5,41.5,-112,1.8928571428571428,0.5283018867924528,0.5043297540699689,1.0475326560232219,2026-09-14T23:46:05Z,the-odds-api,2026-09-14T23:46:08.924153Z,2026-09-14T23:46:05Z,1.1.0,433444751d0b795238e8a6dec59fe9b040700bfaa59e34e7c5126c6bcba266d0
c79b525a-aad1-422f-9d99-01aa2a47ad0d,4dd8020192a544385db42374e5555303,2026_02_SEA_ARI,2026-09-20T20:25:00Z,pinnacle,Pinnacle,anchor,spreads,HOME,4.0,-4.0,-103,1.970873786407767,0.5073891625615764,0.4931277775232511,1.0289202630400451,2026-09-14T23:46:03Z,the-odds-api,2026-09-14T23:46:08.924153Z,2026-09-14T23:46:03Z,1.1.0,cb5c6ac75e66cca435add2cd895c88baeb15b71c03a87167f64a8f0960f7b525
c79b525a-aad1-422f-9d99-01aa2a47ad0d,4dd8020192a544385db42374e5555303,2026_02_SEA_ARI,2026-09-20T20:25:00Z,pinnacle,Pinnacle,anchor,spreads,AWAY,-4.0,-4.0,-109,1.9174311926605505,0.5215311004784688,0.506872222476749,1.0289202630400451,2026-09-14T23:46:03Z,the-odds-api,2026-09-14T23:46:08.924153Z,2026-09-14T23:46:03Z,1.1.0,dedcaa4b25f0eb4224a888d5df430bb1f6ffba059a71dc5dc09b091f892ef55c
c79b525a-aad1-422f-9d99-01aa2a47ad0d,4dd8020192a544385db42374e5555303,2026_02_SEA_ARI,2026-09-20T20:25:00Z,pinnacle,Pinnacle,anchor,totals,OVER,41.5,41.5,-107,1.9345794392523366,0.5169082125603864,0.49777411743756406,1.0384393130388552,2026-09-14T23:46:03Z,the-odds-api,2026-09-14T23:46:08.924153Z,2026-09-14T23:46:03Z,1.1.0,db367b8abc21026ec9d202df091d479689900264432938a7a39228951b57d054
c79b525a-aad1-422f-9d99-01aa2a47ad0d,4dd8020192a544385db42374e5555303,2026_02_SEA_ARI,2026-09-20T20:25:00Z,pinnacle,Pinnacle,anchor,totals,UNDER,41.5,41.5,-109,1.9174311926605505,0.5215311004784688,0.502225882562436,1.0384393130388552,2026-09-14T23:46:03Z,the-odds-api,2026-09-14T23:46:08.924153Z,2026-09-14T23:46:03Z,1.1.0,0f8d9d284ef5ccaf963d17f31126f8ff522326d42533bcae0f03beac69146793
c79b525a-aad1-422f-9d99-01aa2a47ad0d,85ef85098ddd22fe4ecf45e7e3c0a9c0,2026_02_WAS_DAL,2026-09-20T20:25:00Z,draftkings,DraftKings,retail,spreads,HOME,-3.5,3.5,-112,1.8928571428571428,0.5283018867924528,0.5043297540699689,1.0475326560232219,2026-09-14T23:46:03Z,the-odds-api,2026-09-14T23:46:08.924153Z,2026-09-14T23:46:03Z,1.1.0,1006186744f18a3d449c660251f7735c407112161bc17d00da34d17c5fd9b7a4
c79b525a-aad1-422f-9d99-01aa2a47ad0d,85ef85098ddd22fe4ecf45e7e3c0a9c0,2026_02_WAS_DAL,2026-09-20T20:25:00Z,draftkings,DraftKings,retail,spreads,AWAY,3.5,3.5,-108,1.925925925925926,0.5192307692307692,0.4956702459300312,1.0475326560232219,2026-09-14T23:46:03Z,the-odds-api,2026-09-14T23:46:08.924153Z,2026-09-14T23:46:03Z,1.1.0,53bb6e86786ee718bd2d07a88b2e0aef4a1b7eb5dfd1d8cecf496eab2668405c
c79b525a-aad1-422f-9d99-01aa2a47ad0d,85ef85098ddd22fe4ecf45e7e3c0a9c0,2026_02_WAS_DAL,2026-09-20T20:25:00Z,draftkings,DraftKings,retail,totals,OVER,50.5,50.5,-108,1.925925925925926,0.5192307692307692,0.4956702459300312,1.0475326560232219,2026-09-14T23:46:03Z,the-odds-api,2026-09-14T23:46:08.924153Z,2026-09-14T23:46:03Z,1.1.0,382059127f063a040cf92ae94e96dc15c6d028a5bc5ec01a192f98ccf7c281d7
c79b525a-aad1-422f-9d99-01aa2a47ad0d,85ef85098ddd22fe4ecf45e7e3c0a9c0,2026_02_WAS_DAL,2026-09-20T20:25:00Z,draftkings,DraftKings,retail,totals,UNDER,50.5,50.5,-112,1.8928571428571428,0.5283018867924528,0.5043297540699689,1.0475326560232219,2026-09-14T23:46:03Z,the-odds-api,2026-09-14T23:46:08.924153Z,2026-09-14T23:46:03Z,1.1.0,6ee9488fd9b2f0d7cb80930e4842c28739081e2af2c71c6acafbb896a0a460bc
c79b525a-aad1-422f-9d99-01aa2a47ad0d,85ef85098ddd22fe4ecf45e7e3c0a9c0,2026_02_WAS_DAL,2026-09-20T20:25:00Z,fanduel,FanDuel,retail,spreads,HOME,-3.5,3.5,-115,1.8695652173913042,0.5348837209302326,0.5108342361863489,1.0470788428814521,2026-09-14T23:46:04Z,the-odds-api,2026-09-14T23:46:08.924153Z,2026-09-14T23:46:04Z,1.1.0,0d5948071f81e4887e8347c6fba6e6e92e0e47704b7603f01a82c5d438d6e7e0
c79b525a-aad1-422f-9d99-01aa2a47ad0d,85ef85098ddd22fe4ecf45e7e3c0a9c0,2026_02_WAS_DAL,2026-09-20T20:25:00Z,fanduel,FanDuel,retail,spreads,AWAY,3.5,3.5,-105,1.9523809523809523,0.5121951219512195,0.4891657638136511,1.0470788428814521,2026-09-14T23:46:04Z,the-odds-api,2026-09-14T23:46:08.924153Z,2026-09-14T23:46:04Z,1.1.0,c67853e5dc53f0e11f601a885d2c2ccb81f71f53757b143b501785b5fed948be
c79b525a-aad1-422f-9d99-01aa2a47ad0d,85ef85098ddd22fe4ecf45e7e3c0a9c0,2026_02_WAS_DAL,2026-09-20T20:25:00Z,fanduel,FanDuel,retail,totals,OVER,50.5,50.5,-115,1.8695652173913042,0.5348837209302326,0.5108342361863489,1.0470788428814521,2026-09-14T23:46:04Z,the-odds-api,2026-09-14T23:46:08.924153Z,2026-09-14T23:46:04Z,1.1.0,3c5b1f6ea0a3a70fe0f37343beb87c53081679defc2c89f4d9e90bd2a8338923
c79b525a-aad1-422f-9d99-01aa2a47ad0d,85ef85098ddd22fe4ecf45e7e3c0a9c0,2026_02_WAS_DAL,2026-09-20T20:25:00Z,fanduel,FanDuel,retail,totals,UNDER,50.5,50.5,-105,1.9523809523809523,0.5121951219512195,0.4891657638136511,1.0470788428814521,2026-09-14T23:46:04Z,the-odds-api,2026-09-14T23:46:08.924153Z,2026-09-14T23:46:04Z,1.1.0,53d5f6684ba442bb5d8ac4928815cbd0e65b5dcb8b46bc6bc8cef5d23cbe6cb9
c79b525a-aad1-422f-9d99-01aa2a47ad0d,85ef85098ddd22fe4ecf45e7e3c0a9c0,2026_02_WAS_DAL,2026-09-20T20:25:00Z,betmgm,BetMGM,retail,spreads,HOME,-4.0,4.0,-108,1.925925925925926,0.5192307692307692,0.4978050921861282,1.0430402930402929,2026-09-14T23:46:05Z,the-odds-api,2026-09-14T23:46:08.924153Z,2026-09-14T23:46:05Z,1.1.0,ddca7b7f46a628b32830c199815e230debe3284d92ec59c6e4a7fe3e1dc96db1
c79b525a-aad1-422f-9d99-01aa2a47ad0d,85ef85098ddd22fe4ecf45e7e3c0a9c0,2026_02_WAS_DAL,2026-09-20T20:25:00Z,betmgm,BetMGM,retail,spreads,AWAY,4.0,4.0,-110,1.9090909090909092,0.5238095238095238,0.5021949078138719,1.0430402930402929,2026-09-14T23:46:05Z,the-odds-api,2026-09-14T23:46:08.924153Z,2026-09-14T23:46:05Z,1.1.0,d6ec1b92f2bbaea4809eba0f6935244de4d001dbaa9992cac1576d0076576c88
c79b525a-aad1-422f-9d99-01aa2a47ad0d,85ef85098ddd22fe4ecf45e7e3c0a9c0,2026_02_WAS_DAL,2026-09-20T20:25:00Z,betmgm,BetMGM,retail,totals,OVER,50.5,50.5,-108,1.925925925925926,0.5192307692307692,0.4978050921861282,1.0430402930402929,2026-09-14T23:46:05Z,the-odds-api,2026-09-14T23:46:08.924153Z,2026-09-14T23:46:05Z,1.1.0,9c33624db0d5de73077cb01340a696c0ab596d82a17eb43198118d5982918907
c79b525a-aad1-422f-9d99-01aa2a47ad0d,85ef85098ddd22fe4ecf45e7e3c0a9c0,2026_02_WAS_DAL,2026-09-20T20:25:00Z,betmgm,BetMGM,retail,totals,UNDER,50.5,50.5,-110,1.9090909090909092,0.5238095238095238,0.5021949078138719,1.0430402930402929,2026-09-14T23:46:05Z,the-odds-api,2026-09-14T23:46:08.924153Z,2026-09-14T23:46:05Z,1.1.0,71d431a16deb15fab31de26bb50ea4b0583f201f11055150556f7c5effe9214f
c79b525a-aad1-422f-9d99-01aa2a47ad0d,85ef85098ddd22fe4ecf45e7e3c0a9c0,2026_02_WAS_DAL,2026-09-20T20:25:00Z,pinnacle,Pinnacle,anchor,spreads,HOME,-4.0,4.0,-106,1.9433962264150944,0.5145631067961165,0.5,1.029126213592233,2026-09-14T23:46:03Z,the-odds-api,2026-09-14T23:46:08.924153Z,2026-09-14T23:46:03Z,1.1.0,29a66aecd4788bb75847770d42eb400bcc34c2f2aeca1afda534760079c45582
c79b525a-aad1-422f-9d99-01aa2a47ad0d,85ef85098ddd22fe4ecf45e7e3c0a9c0,2026_02_WAS_DAL,2026-09-20T20:25:00Z,pinnacle,Pinnacle,anchor,spreads,AWAY,4.0,4.0,-106,1.9433962264150944,0.5145631067961165,0.5,1.029126213592233,2026-09-14T23:46:03Z,the-odds-api,2026-09-14T23:46:08.924153Z,2026-09-14T23:46:03Z,1.1.0,387e1eef499007aa3ad4ff57f743c9eddfc6788c1e751ff5e612d34c1d9942a3
c79b525a-aad1-422f-9d99-01aa2a47ad0d,85ef85098ddd22fe4ecf45e7e3c0a9c0,2026_02_WAS_DAL,2026-09-20T20:25:00Z,pinnacle,Pinnacle,anchor,totals,OVER,50.0,50.0,-108,1.925925925925926,0.5192307692307692,0.5,1.0384615384615383,2026-09-14T23:46:03Z,the-odds-api,2026-09-14T23:46:08.924153Z,2026-09-14T23:46:03Z,1.1.0,b4eaff2a738cc0a1c95045dec74f3a772589ecd976f67033d46bea022f00c870
c79b525a-aad1-422f-9d99-01aa2a47ad0d,85ef85098ddd22fe4ecf45e7e3c0a9c0,2026_02_WAS_DAL,2026-09-20T20:25:00Z,pinnacle,Pinnacle,anchor,totals,UNDER,50.0,50.0,-108,1.925925925925926,0.5192307692307692,0.5,1.0384615384615383,2026-09-14T23:46:03Z,the-odds-api,2026-09-14T23:46:08.924153Z,2026-09-14T23:46:03Z,1.1.0,6b1e06a7882b200e794a371bf03e18a118b877af46f19907d3bc5fbd2e2b9d65
c79b525a-aad1-422f-9d99-01aa2a47ad0d,68bc55903f50af4af4766adcc89fcc61,2026_02_MIA_SF,2026-09-20T20:25:00Z,draftkings,DraftKings,retail,spreads,AWAY,13.5,13.5,-115,1.8695652173913042,0.5348837209302326,0.5108342361863489,1.0470788428814521,2026-09-14T23:46:03Z,the-odds-api,2026-09-14T23:46:08.924153Z,2026-09-14T23:46:03Z,1.1.0,8671a3a36c6639d18e08fbfa10cecee3bb61e7d48cfd10e3749684f7c4e643c7
c79b525a-aad1-422f-9d99-01aa2a47ad0d,68bc55903f50af4af4766adcc89fcc61,2026_02_MIA_SF,2026-09-20T20:25:00Z,draftkings,DraftKings,retail,spreads,HOME,-13.5,13.5,-105,1.9523809523809523,0.5121951219512195,0.4891657638136511,1.0470788428814521,2026-09-14T23:46:03Z,the-odds-api,2026-09-14T23:46:08.924153Z,2026-09-14T23:46:03Z,1.1.0,dcc3e467c0df7c8642827524bf315bfed57c8fd2f5b9b5a9ec9826d26adb1fce
c79b525a-aad1-422f-9d99-01aa2a47ad0d,68bc55903f50af4af4766adcc89fcc61,2026_02_MIA_SF,2026-09-20T20:25:00Z,draftkings,DraftKings,retail,totals,OVER,45.5,45.5,-108,1.925925925925926,0.5192307692307692,0.4956702459300312,1.0475326560232219,2026-09-14T23:46:03Z,the-odds-api,2026-09-14T23:46:08.924153Z,2026-09-14T23:46:03Z,1.1.0,5c99c6626f5d2e04b0a344cfce892d050f2ae9832b8a1f6eaeec6f27835e667f
c79b525a-aad1-422f-9d99-01aa2a47ad0d,68bc55903f50af4af4766adcc89fcc61,2026_02_MIA_SF,2026-09-20T20:25:00Z,draftkings,DraftKings,retail,totals,UNDER,45.5,45.5,-112,1.8928571428571428,0.5283018867924528,0.5043297540699689,1.0475326560232219,2026-09-14T23:46:03Z,the-odds-api,2026-09-14T23:46:08.924153Z,2026-09-14T23:46:03Z,1.1.0,1cc904fd5d70b58a377cd6325c1b50f45e1278771fe64943d18618b0fc5e1a04
c79b525a-aad1-422f-9d99-01aa2a47ad0d,68bc55903f50af4af4766adcc89fcc61,2026_02_MIA_SF,2026-09-20T20:25:00Z,fanduel,FanDuel,retail,spreads,AWAY,13.5,13.5,-118,1.847457627118644,0.5412844036697247,0.5149751839808318,1.0510883252383523,2026-09-14T23:46:04Z,the-odds-api,2026-09-14T23:46:08.924153Z,2026-09-14T23:46:04Z,1.1.0,ca37b93316f5b78b8db5f690d7f71987e587b1293bf431b3a5226982a02de105
c79b525a-aad1-422f-9d99-01aa2a47ad0d,68bc55903f50af4af4766adcc89fcc61,2026_02_MIA_SF,2026-09-20T20:25:00Z,fanduel,FanDuel,retail,spreads,HOME,-13.5,13.5,-104,1.9615384615384617,0.5098039215686274,0.4850248160191682,1.0510883252383523,2026-09-14T23:46:04Z,the-odds-api,2026-09-14T23:46:08.924153Z,2026-09-14T23:46:04Z,1.1.0,a8df0161b20d66b784519801f8cb415b238a8c84420455840fcbb8c28ea5b3c5
c79b525a-aad1-422f-9d99-01aa2a47ad0d,68bc55903f50af4af4766adcc89fcc61,2026_02_MIA_SF,2026-09-20T20:25:00Z,fanduel,FanDuel,retail,totals,OVER,45.5,45.5,-115,1.8695652173913042,0.5348837209302326,0.5108342361863489,1.0470788428814521,2026-09-14T23:46:04Z,the-odds-api,2026-09-14T23:46:08.924153Z,2026-09-14T23:46:04Z,1.1.0,4affd3e38a2d8d8911d89d296b0352fc6a33d3b345adc173585bbab224aba6f4
c79b525a-aad1-422f-9d99-01aa2a47ad0d,68bc55903f50af4af4766adcc89fcc61,2026_02_MIA_SF,2026-09-20T20:25:00Z,fanduel,FanDuel,retail,totals,UNDER,45.5,45.5,-105,1.9523809523809523,0.5121951219512195,0.4891657638136511,1.0470788428814521,2026-09-14T23:46:04Z,the-odds-api,2026-09-14T23:46:08.924153Z,2026-09-14T23:46:04Z,1.1.0,959e5041de7bc29cf11b048da56c2077552d6d18917d684ae31c8319c0212f91
c79b525a-aad1-422f-9d99-01aa2a47ad0d,68bc55903f50af4af4766adcc89fcc61,2026_02_MIA_SF,2026-09-20T20:25:00Z,betmgm,BetMGM,retail,spreads,AWAY,13.5,13.5,-112,1.8928571428571428,0.5283018867924528,0.5077399380804954,1.0404970087436722,2026-09-14T23:46:05Z,the-odds-api,2026-09-14T23:46:08.924153Z,2026-09-14T23:46:05Z,1.1.0,e5f10836a2a2674a2d0d66966d2c5f6bd834e3820fb70e1b8a4b2fac59928b3a
c79b525a-aad1-422f-9d99-01aa2a47ad0d,68bc55903f50af4af4766adcc89fcc61,2026_02_MIA_SF,2026-09-20T20:25:00Z,betmgm,BetMGM,retail,spreads,HOME,-13.5,13.5,-105,1.9523809523809523,0.5121951219512195,0.4922600619195047,1.0404970087436722,2026-09-14T23:46:05Z,the-odds-api,2026-09-14T23:46:08.924153Z,2026-09-14T23:46:05Z,1.1.0,62966e961eeeed65b0bcb8df0d26fcb55104fcc9faed8d42714686e65f623c80
c79b525a-aad1-422f-9d99-01aa2a47ad0d,68bc55903f50af4af4766adcc89fcc61,2026_02_MIA_SF,2026-09-20T20:25:00Z,betmgm,BetMGM,retail,totals,OVER,45.5,45.5,-108,1.925925925925926,0.5192307692307692,0.4978050921861282,1.0430402930402929,2026-09-14T23:46:05Z,the-odds-api,2026-09-14T23:46:08.924153Z,2026-09-14T23:46:05Z,1.1.0,323753c1e8f01c1f4599f27f9b55e4f9975948a8e983966275eb200e2323ea5f
c79b525a-aad1-422f-9d99-01aa2a47ad0d,68bc55903f50af4af4766adcc89fcc61,2026_02_MIA_SF,2026-09-20T20:25:00Z,betmgm,BetMGM,retail,totals,UNDER,45.5,45.5,-110,1.9090909090909092,0.5238095238095238,0.5021949078138719,1.0430402930402929,2026-09-14T23:46:05Z,the-odds-api,2026-09-14T23:46:08.924153Z,2026-09-14T23:46:05Z,1.1.0,07a4643f691d7a98511e7155c5de8018c3f7da363e353726024e767ceedb0137
c79b525a-aad1-422f-9d99-01aa2a47ad0d,68bc55903f50af4af4766adcc89fcc61,2026_02_MIA_SF,2026-09-20T20:25:00Z,pinnacle,Pinnacle,anchor,spreads,AWAY,13.0,13.0,-106,1.9433962264150944,0.5145631067961165,0.5,1.029126213592233,2026-09-14T23:46:03Z,the-odds-api,2026-09-14T23:46:08.924153Z,2026-09-14T23:46:03Z,1.1.0,8bd23f771c0a1675b54b8e3ac7a5a6f286c5d2b5232d8396b270db2bd41d7ddc
c79b525a-aad1-422f-9d99-01aa2a47ad0d,68bc55903f50af4af4766adcc89fcc61,2026_02_MIA_SF,2026-09-20T20:25:00Z,pinnacle,Pinnacle,anchor,spreads,HOME,-13.0,13.0,-106,1.9433962264150944,0.5145631067961165,0.5,1.029126213592233,2026-09-14T23:46:03Z,the-odds-api,2026-09-14T23:46:08.924153Z,2026-09-14T23:46:03Z,1.1.0,099741a9535176ad023f4faf450cbecf3e23cca4507c1930418bd537a49ed2cf
c79b525a-aad1-422f-9d99-01aa2a47ad0d,68bc55903f50af4af4766adcc89fcc61,2026_02_MIA_SF,2026-09-20T20:25:00Z,pinnacle,Pinnacle,anchor,totals,OVER,45.5,45.5,-108,1.925925925925926,0.5192307692307692,0.5,1.0384615384615383,2026-09-14T23:46:03Z,the-odds-api,2026-09-14T23:46:08.924153Z,2026-09-14T23:46:03Z,1.1.0,973489eedae698b44e81ca69f5c337199e00a995edb77f8af2858f6986edbeea
c79b525a-aad1-422f-9d99-01aa2a47ad0d,68bc55903f50af4af4766adcc89fcc61,2026_02_MIA_SF,2026-09-20T20:25:00Z,pinnacle,Pinnacle,anchor,totals,UNDER,45.5,45.5,-108,1.925925925925926,0.5192307692307692,0.5,1.0384615384615383,2026-09-14T23:46:03Z,the-odds-api,2026-09-14T23:46:08.924153Z,2026-09-14T23:46:03Z,1.1.0,e31a0b0a870ac31a26a1bbaef6bb92f61ede397bfc085edb7ce8334d05422a3e
c79b525a-aad1-422f-9d99-01aa2a47ad0d,50bc247030707d823b9c3581d7eb5760,2026_02_IND_KC,2026-09-21T00:20:00Z,draftkings,DraftKings,retail,spreads,AWAY,6.5,6.5,-110,1.9090909090909092,0.5238095238095238,0.5,1.0476190476190477,2026-09-14T23:46:03Z,the-odds-api,2026-09-14T23:46:08.924153Z,2026-09-14T23:46:03Z,1.1.0,ed9b3ce1beab9bb49a7d5b6a3d28d61c590bcfc368894317460231ec619d6c03
c79b525a-aad1-422f-9d99-01aa2a47ad0d,50bc247030707d823b9c3581d7eb5760,2026_02_IND_KC,2026-09-21T00:20:00Z,draftkings,DraftKings,retail,spreads,HOME,-6.5,6.5,-110,1.9090909090909092,0.5238095238095238,0.5,1.0476190476190477,2026-09-14T23:46:03Z,the-odds-api,2026-09-14T23:46:08.924153Z,2026-09-14T23:46:03Z,1.1.0,0a6dfcbb6de61fd202105803151184c98d546766fba1266bb530ea6050f5e8d0
c79b525a-aad1-422f-9d99-01aa2a47ad0d,50bc247030707d823b9c3581d7eb5760,2026_02_IND_KC,2026-09-21T00:20:00Z,draftkings,DraftKings,retail,totals,OVER,48.5,48.5,-110,1.9090909090909092,0.5238095238095238,0.5,1.0476190476190477,2026-09-14T23:46:03Z,the-odds-api,2026-09-14T23:46:08.924153Z,2026-09-14T23:46:03Z,1.1.0,73fe13d7b1ca310229f9d2bfdb6aaa0960410c8af42a074c003d880f7c722f52
c79b525a-aad1-422f-9d99-01aa2a47ad0d,50bc247030707d823b9c3581d7eb5760,2026_02_IND_KC,2026-09-21T00:20:00Z,draftkings,DraftKings,retail,totals,UNDER,48.5,48.5,-110,1.9090909090909092,0.5238095238095238,0.5,1.0476190476190477,2026-09-14T23:46:03Z,the-odds-api,2026-09-14T23:46:08.924153Z,2026-09-14T23:46:03Z,1.1.0,66dd3419a0e72439ff832b002cafbd9f2020d390b4b445b6c39cdd22d291cf01
c79b525a-aad1-422f-9d99-01aa2a47ad0d,50bc247030707d823b9c3581d7eb5760,2026_02_IND_KC,2026-09-21T00:20:00Z,fanduel,FanDuel,retail,spreads,AWAY,6.5,6.5,-118,1.847457627118644,0.5412844036697247,0.5149751839808318,1.0510883252383523,2026-09-14T23:46:04Z,the-odds-api,2026-09-14T23:46:08.924153Z,2026-09-14T23:46:04Z,1.1.0,0b0742d2414bd652b9ac6373ad152aa282d2900b2eb254a32b1d14043dd13ad7
c79b525a-aad1-422f-9d99-01aa2a47ad0d,50bc247030707d823b9c3581d7eb5760,2026_02_IND_KC,2026-09-21T00:20:00Z,fanduel,FanDuel,retail,spreads,HOME,-6.5,6.5,-104,1.9615384615384617,0.5098039215686274,0.4850248160191682,1.0510883252383523,2026-09-14T23:46:04Z,the-odds-api,2026-09-14T23:46:08.924153Z,2026-09-14T23:46:04Z,1.1.0,cd1bd7bb82438e107635521ccc99e1102f7d56a05e18cc033d13360d7c0154cf
c79b525a-aad1-422f-9d99-01aa2a47ad0d,50bc247030707d823b9c3581d7eb5760,2026_02_IND_KC,2026-09-21T00:20:00Z,fanduel,FanDuel,retail,totals,OVER,47.5,47.5,-118,1.847457627118644,0.5412844036697247,0.5149751839808318,1.0510883252383523,2026-09-14T23:46:04Z,the-odds-api,2026-09-14T23:46:08.924153Z,2026-09-14T23:46:04Z,1.1.0,576853fe432ee81b8c71a26b2437d299de739dc7af95dfb5b95bb67aa9d20479
c79b525a-aad1-422f-9d99-01aa2a47ad0d,50bc247030707d823b9c3581d7eb5760,2026_02_IND_KC,2026-09-21T00:20:00Z,fanduel,FanDuel,retail,totals,UNDER,47.5,47.5,-104,1.9615384615384617,0.5098039215686274,0.4850248160191682,1.0510883252383523,2026-09-14T23:46:04Z,the-odds-api,2026-09-14T23:46:08.924153Z,2026-09-14T23:46:04Z,1.1.0,a29d30cc2d834d2467e6de01761e8344a04873c09bc91f7031559c09a9af7ae3
c79b525a-aad1-422f-9d99-01aa2a47ad0d,50bc247030707d823b9c3581d7eb5760,2026_02_IND_KC,2026-09-21T00:20:00Z,betmgm,BetMGM,retail,totals,OVER,48.0,48.0,-108,1.925925925925926,0.5192307692307692,0.4978050921861282,1.0430402930402929,2026-09-14T23:46:05Z,the-odds-api,2026-09-14T23:46:08.924153Z,2026-09-14T23:46:05Z,1.1.0,362e8d5fe371456349410ade074f4294c62385f1bd4e92e526bedf1c3a055f2e
c79b525a-aad1-422f-9d99-01aa2a47ad0d,50bc247030707d823b9c3581d7eb5760,2026_02_IND_KC,2026-09-21T00:20:00Z,betmgm,BetMGM,retail,totals,UNDER,48.0,48.0,-110,1.9090909090909092,0.5238095238095238,0.5021949078138719,1.0430402930402929,2026-09-14T23:46:05Z,the-odds-api,2026-09-14T23:46:08.924153Z,2026-09-14T23:46:05Z,1.1.0,a015570a5caa6ffa5c69dd311b48465f45a52cbfa14547d0c4489870ab70cab0
c79b525a-aad1-422f-9d99-01aa2a47ad0d,32367f882fac1a0c20a6335619922025,2026_02_NYG_LA,2026-09-22T00:15:00Z,draftkings,DraftKings,retail,spreads,HOME,-7.0,7.0,-115,1.8695652173913042,0.5348837209302326,0.5108342361863489,1.0470788428814521,2026-09-14T23:46:03Z,the-odds-api,2026-09-14T23:46:08.924153Z,2026-09-14T23:46:03Z,1.1.0,84f21f9840884c32356670c58d1d43b3af87052f7262fb9a66596e1ea75edcc3
c79b525a-aad1-422f-9d99-01aa2a47ad0d,32367f882fac1a0c20a6335619922025,2026_02_NYG_LA,2026-09-22T00:15:00Z,draftkings,DraftKings,retail,spreads,AWAY,7.0,7.0,-105,1.9523809523809523,0.5121951219512195,0.4891657638136511,1.0470788428814521,2026-09-14T23:46:03Z,the-odds-api,2026-09-14T23:46:08.924153Z,2026-09-14T23:46:03Z,1.1.0,67081385c347554505eb66998d7286bad70879e3305bc183f7cb1c35b49ec917
c79b525a-aad1-422f-9d99-01aa2a47ad0d,32367f882fac1a0c20a6335619922025,2026_02_NYG_LA,2026-09-22T00:15:00Z,draftkings,DraftKings,retail,totals,OVER,48.5,48.5,-108,1.925925925925926,0.5192307692307692,0.4956702459300312,1.0475326560232219,2026-09-14T23:46:03Z,the-odds-api,2026-09-14T23:46:08.924153Z,2026-09-14T23:46:03Z,1.1.0,434637c22f28dd84e490db804cf9751e806103257900d5acb37afd8f7ec4bc3a
c79b525a-aad1-422f-9d99-01aa2a47ad0d,32367f882fac1a0c20a6335619922025,2026_02_NYG_LA,2026-09-22T00:15:00Z,draftkings,DraftKings,retail,totals,UNDER,48.5,48.5,-112,1.8928571428571428,0.5283018867924528,0.5043297540699689,1.0475326560232219,2026-09-14T23:46:03Z,the-odds-api,2026-09-14T23:46:08.924153Z,2026-09-14T23:46:03Z,1.1.0,c2217102ca97914810f7581db519e910f316e438efdc040c829507aafc98d6d5
c79b525a-aad1-422f-9d99-01aa2a47ad0d,32367f882fac1a0c20a6335619922025,2026_02_NYG_LA,2026-09-22T00:15:00Z,fanduel,FanDuel,retail,spreads,HOME,-7.5,7.5,-102,1.9803921568627452,0.504950495049505,0.48071979434447304,1.0504050405040504,2026-09-14T23:46:04Z,the-odds-api,2026-09-14T23:46:08.924153Z,2026-09-14T23:46:04Z,1.1.0,a12e17fafc240084545e45d4b134ad4772888cd03d6ce0f1a61cdef39a09d347
c79b525a-aad1-422f-9d99-01aa2a47ad0d,32367f882fac1a0c20a6335619922025,2026_02_NYG_LA,2026-09-22T00:15:00Z,fanduel,FanDuel,retail,spreads,AWAY,7.5,7.5,-120,1.8333333333333335,0.5454545454545454,0.519280205655527,1.0504050405040504,2026-09-14T23:46:04Z,the-odds-api,2026-09-14T23:46:08.924153Z,2026-09-14T23:46:04Z,1.1.0,77702d321d6de99037b085e97c25e853b2b12bd5156458f5d3b25ebda917441e
c79b525a-aad1-422f-9d99-01aa2a47ad0d,32367f882fac1a0c20a6335619922025,2026_02_NYG_LA,2026-09-22T00:15:00Z,fanduel,FanDuel,retail,totals,OVER,48.5,48.5,-106,1.9433962264150944,0.5145631067961165,0.49133599029630914,1.0472733871699482,2026-09-14T23:46:04Z,the-odds-api,2026-09-14T23:46:08.924153Z,2026-09-14T23:46:04Z,1.1.0,0fc0024e4bde4c7a2a445250b2a9189ef2d4016ca8e6fcb7fbc47537179a7bc4
c79b525a-aad1-422f-9d99-01aa2a47ad0d,32367f882fac1a0c20a6335619922025,2026_02_NYG_LA,2026-09-22T00:15:00Z,fanduel,FanDuel,retail,totals,UNDER,48.5,48.5,-114,1.8771929824561404,0.5327102803738317,0.5086640097036909,1.0472733871699482,2026-09-14T23:46:04Z,the-odds-api,2026-09-14T23:46:08.924153Z,2026-09-14T23:46:04Z,1.1.0,3fbd72340f9759fe1cc3327c2daecd0ecf8ac42ef66ff885faa7c6e38ebe3962
c79b525a-aad1-422f-9d99-01aa2a47ad0d,32367f882fac1a0c20a6335619922025,2026_02_NYG_LA,2026-09-22T00:15:00Z,betmgm,BetMGM,retail,spreads,HOME,-7.0,7.0,-112,1.8928571428571428,0.5283018867924528,0.5077399380804954,1.0404970087436722,2026-09-14T23:46:05Z,the-odds-api,2026-09-14T23:46:08.924153Z,2026-09-14T23:46:05Z,1.1.0,9c0ba4c7a92d8faa0d7d1c1e02a52609e8df86bc0928936b89654853ad2cdbfc
c79b525a-aad1-422f-9d99-01aa2a47ad0d,32367f882fac1a0c20a6335619922025,2026_02_NYG_LA,2026-09-22T00:15:00Z,betmgm,BetMGM,retail,spreads,AWAY,7.0,7.0,-105,1.9523809523809523,0.5121951219512195,0.4922600619195047,1.0404970087436722,2026-09-14T23:46:05Z,the-odds-api,2026-09-14T23:46:08.924153Z,2026-09-14T23:46:05Z,1.1.0,ae71d9dc4aa8df1cace581e21a638612cbc20de162a284af327fe6dc11bce7fa
c79b525a-aad1-422f-9d99-01aa2a47ad0d,32367f882fac1a0c20a6335619922025,2026_02_NYG_LA,2026-09-22T00:15:00Z,betmgm,BetMGM,retail,totals,OVER,48.5,48.5,-108,1.925925925925926,0.5192307692307692,0.4978050921861282,1.0430402930402929,2026-09-14T23:46:05Z,the-odds-api,2026-09-14T23:46:08.924153Z,2026-09-14T23:46:05Z,1.1.0,e4815affe0ef5741555ac77dfaa8d00defb41b1a5f7a40d2ba094ec9642cbf98
c79b525a-aad1-422f-9d99-01aa2a47ad0d,32367f882fac1a0c20a6335619922025,2026_02_NYG_LA,2026-09-22T00:15:00Z,betmgm,BetMGM,retail,totals,UNDER,48.5,48.5,-110,1.9090909090909092,0.5238095238095238,0.5021949078138719,1.0430402930402929,2026-09-14T23:46:05Z,the-odds-api,2026-09-14T23:46:08.924153Z,2026-09-14T23:46:05Z,1.1.0,49547566b5f27d02ae9ca5c23294af77755bdf5913245d469c4428e14771aad6
c79b525a-aad1-422f-9d99-01aa2a47ad0d,32367f882fac1a0c20a6335619922025,2026_02_NYG_LA,2026-09-22T00:15:00Z,pinnacle,Pinnacle,anchor,spreads,HOME,-7.0,7.0,-109,1.9174311926605505,0.5215311004784688,0.5092984332140034,1.0240186626675236,2026-09-14T23:46:03Z,the-odds-api,2026-09-14T23:46:08.924153Z,2026-09-14T23:46:03Z,1.1.0,b7bc68ec7d7421fd35a79d7d89c07b5dc824bc34a02944e47abb5baf6918ace4
c79b525a-aad1-422f-9d99-01aa2a47ad0d,32367f882fac1a0c20a6335619922025,2026_02_NYG_LA,2026-09-22T00:15:00Z,pinnacle,Pinnacle,anchor,spreads,AWAY,7.0,7.0,-101,1.99009900990099,0.5024875621890548,0.49070156678599663,1.0240186626675236,2026-09-14T23:46:03Z,the-odds-api,2026-09-14T23:46:08.924153Z,2026-09-14T23:46:03Z,1.1.0,e0d32e7aff6e494a2bf49f135b18ba0acaa0bd478b1849bbe0c3bb8cb5401387
c79b525a-aad1-422f-9d99-01aa2a47ad0d,32367f882fac1a0c20a6335619922025,2026_02_NYG_LA,2026-09-22T00:15:00Z,pinnacle,Pinnacle,anchor,totals,OVER,48.5,48.5,100,2.0,0.5,0.4862385321100918,1.0283018867924527,2026-09-14T23:46:03Z,the-odds-api,2026-09-14T23:46:08.924153Z,2026-09-14T23:46:03Z,1.1.0,e017a48ddb618d0687ccc1b91d3e5428ca83424c4c3498bcf690879cebcadcda
c79b525a-aad1-422f-9d99-01aa2a47ad0d,32367f882fac1a0c20a6335619922025,2026_02_NYG_LA,2026-09-22T00:15:00Z,pinnacle,Pinnacle,anchor,totals,UNDER,48.5,48.5,-112,1.8928571428571428,0.5283018867924528,0.5137614678899083,1.0283018867924527,2026-09-14T23:46:03Z,the-odds-api,2026-09-14T23:46:08.924153Z,2026-09-14T23:46:03Z,1.1.0,106c67ab26e868dad817df427395c35958ba4eb74cba9cc7cd715e82f353bd43
