prediction_id,model_version,model_artifact_hash,model_spec_hash,policy_hash,git_commit,snapshot_id,provider_event_id,game_id,season,week,kickoff_utc,market,orientation,prediction_created_at_utc,snapshot_retrieved_at_utc,feature_as_of_utc,feature_input_hash,feature_row_hash,pinnacle_updated_at_utc,pinnacle_line,pinnacle_orientation_price,pinnacle_other_price,pinnacle_orientation_no_vig_probability,pinnacle_overround,consensus_line,consensus_probability,consensus_status,retail_books_count,raw_adjustment,adjustment_weight,final_projection,raw_non_push_win_probability,calibrated_non_push_win_probability,model_win_probability,model_push_probability,model_loss_probability,uncertainty_status,eligibility_status,decision,pass_reason,source,retrieved_at_utc,source_updated_at_utc,schema_version,content_hash
25b8656e75568b194f9b0a1bacd5cb8270a37bcdbf53b3ad96077e6083225487,1.1.2,6590a4bbb77802175afa4c406de831d596569cbf2e1f596de7df0910f43e8fd5,e51f21289a5f63ada7c1746ad6385412db3f6a4e7fc3ba4e33e43fbdb6e9bf14,241bade8665d15f1855e8ed5cb5a8f8bc3dbb5e66c87d76b45ab5d76f1caa9f7,c8df716c912e3f6e3b11d508f2988b51a9d4b5a7,d4b87e91-991a-4aa9-bfef-bc8de675e276,e5fbd3b3953b896b1bf897ddadb3cc4b,2026_03_ATL_GB,2026,3,2026-09-25T00:15:00Z,spreads,HOME,2026-09-23T13:00:21.951453Z,2026-09-23T13:00:21.551276Z,2026-09-22T18:51:43.097248Z,bb86d96ac8c5a37027060695827d4ca64ef6cc1d2ef5b5808941c85556f173d5,2b2ec80f12d687f04cde37d927f1a331c13d4948a4354366ea86f51e96870ec2,2026-09-23T13:00:20Z,5.5,-106,-106,0.5,1.029126213592233,5.5,0.4997073456248171,VALID,3,-0.17489940184807717,0.0,5.5,0.40537743235493595,0.47610684423131405,0.4750513349321571,0.002216958886321089,0.5227317061815216,UNAVAILABLE_FOR_BETTING,DIAGNOSTIC_EARLY_SNAPSHOT,PASS,MODEL_LOCKED_UNTESTED_2026;UNCERTAINTY_UNAVAILABLE_FOR_BETTING;DIAGNOSTIC_EARLY_SNAPSHOT,local:v11-prospective-observer,2026-09-23T13:00:21.951453Z,2026-09-23T13:00:20Z,1.1.0,2fca11397d3b4e1dfdc6503adf2806e5f5c9693fae8e4f3f467d92c5a0a82d76
ef7f1e604b020d2b387b80895f234a3992c2cd589fe19e9dab73d72ea5206b4f,challenger-0.2.0,5c8bf3ec348a261ab2c0ce94bd8cc315f754a8dc991c15c20d0d961d06997984,49fadb583b0dee0ba78c242826cb3e521cee0c4af2da837cfd5df18936598793,159ec87beb47e140832d992a80618f94b5cef5681c9d11c24e999ce1cad03b10,c8df716c912e3f6e3b11d508f2988b51a9d4b5a7,d4b87e91-991a-4aa9-bfef-bc8de675e276,e5fbd3b3953b896b1bf897ddadb3cc4b,2026_03_ATL_GB,2026,3,2026-09-25T00:15:00Z,spreads,HOME,2026-09-23T13:00:24.484171Z,2026-09-23T13:00:21.551276Z,2026-09-22T18:51:43.097248Z,3ecdbfbaf3290a1d0f9b9aee517e61634d37a7bdde41367b8b77ffdf6363f311,050d5c7c88c6114a6ea3a53e6fae74e7749db011dffcd1aa1190cbc9d1b3ac97,2026-09-23T13:00:20Z,5.5,-106,-106,0.5,1.029126213592233,5.5,0.4997073456248171,VALID,3,-2.5823015078367435,0.0,5.5,0.42262550074111466,0.5,0.4986820951054058,0.002635809789188394,0.4986820951054058,MODELED_DEVELOPMENT_MARGIN_SHADOW_ONLY,SHADOW_ELIGIBLE,PASS,EXPERIMENTAL_SHADOW_NO_STAKES;SHADOW_ELIGIBLE,local:challenger+the-odds-api,2026-09-23T13:00:24.484171Z,2026-09-23T13:00:20Z,1.1.0,342b1b595fb862454081045c53c69915b56a1442c2d16a259a1538e8640e4fc2
45042fd5e60834e35cc23b20bcf2ea154408e025eb4b59f2cde2908a8f3875ea,1.1.2,6590a4bbb77802175afa4c406de831d596569cbf2e1f596de7df0910f43e8fd5,e51f21289a5f63ada7c1746ad6385412db3f6a4e7fc3ba4e33e43fbdb6e9bf14,241bade8665d15f1855e8ed5cb5a8f8bc3dbb5e66c87d76b45ab5d76f1caa9f7,c8df716c912e3f6e3b11d508f2988b51a9d4b5a7,d4b87e91-991a-4aa9-bfef-bc8de675e276,e5fbd3b3953b896b1bf897ddadb3cc4b,2026_03_ATL_GB,2026,3,2026-09-25T00:15:00Z,totals,OVER,2026-09-23T13:00:21.951453Z,2026-09-23T13:00:21.551276Z,2026-09-22T18:51:43.097248Z,bb86d96ac8c5a37027060695827d4ca64ef6cc1d2ef5b5808941c85556f173d5,2b2ec80f12d687f04cde37d927f1a331c13d4948a4354366ea86f51e96870ec2,2026-09-23T13:00:20Z,43.0,-111,-103,0.5090362806668774,1.033455513272477,43.2,,INCOMPARABLE_POINTS,3,0.7701350588473777,0.1161508759454473,43.08945186168142,0.4909947931229129,0.4948708359688912,0.4948708359688912,0.0,0.5051291640311089,UNAVAILABLE_FOR_BETTING,DIAGNOSTIC_EARLY_SNAPSHOT,PASS,MODEL_LOCKED_UNTESTED_2026;UNCERTAINTY_UNAVAILABLE_FOR_BETTING;DIAGNOSTIC_EARLY_SNAPSHOT,local:v11-prospective-observer,2026-09-23T13:00:21.951453Z,2026-09-23T13:00:20Z,1.1.0,6b444721d405e4dfb588d85fc9cf271017393c799510ff6df43841e16c0f3708
d8eb16c65a93cbcce1c9683e26b4e8095fe6402d1a06c55011a43779d9f8428e,challenger-0.2.0,5c8bf3ec348a261ab2c0ce94bd8cc315f754a8dc991c15c20d0d961d06997984,49fadb583b0dee0ba78c242826cb3e521cee0c4af2da837cfd5df18936598793,159ec87beb47e140832d992a80618f94b5cef5681c9d11c24e999ce1cad03b10,c8df716c912e3f6e3b11d508f2988b51a9d4b5a7,d4b87e91-991a-4aa9-bfef-bc8de675e276,e5fbd3b3953b896b1bf897ddadb3cc4b,2026_03_ATL_GB,2026,3,2026-09-25T00:15:00Z,totals,OVER,2026-09-23T13:00:24.484171Z,2026-09-23T13:00:21.551276Z,2026-09-22T18:51:43.097248Z,3ecdbfbaf3290a1d0f9b9aee517e61634d37a7bdde41367b8b77ffdf6363f311,050d5c7c88c6114a6ea3a53e6fae74e7749db011dffcd1aa1190cbc9d1b3ac97,2026-09-23T13:00:20Z,43.0,-111,-103,0.5090362806668774,1.033455513272477,43.2,,INCOMPARABLE_POINTS,3,-2.74219318246562,0.0,43.0,0.4856689348927987,0.5090362806668774,0.5051114870870759,0.0077102433144053545,0.48717826959851873,MODELED_DEVELOPMENT_MARGIN_SHADOW_ONLY,SHADOW_ELIGIBLE,PASS,EXPERIMENTAL_SHADOW_NO_STAKES;SHADOW_ELIGIBLE,local:challenger+the-odds-api,2026-09-23T13:00:24.484171Z,2026-09-23T13:00:20Z,1.1.0,d819ab0c3978b1280d96514709e998960c9ae824ee272e5c44553c39c5cdf319
03345255c3edb399030d23ca58f5fcdb593e19104ce0a2399d4ae0fd16d77ae5,1.1.2,6590a4bbb77802175afa4c406de831d596569cbf2e1f596de7df0910f43e8fd5,e51f21289a5f63ada7c1746ad6385412db3f6a4e7fc3ba4e33e43fbdb6e9bf14,241bade8665d15f1855e8ed5cb5a8f8bc3dbb5e66c87d76b45ab5d76f1caa9f7,c8df716c912e3f6e3b11d508f2988b51a9d4b5a7,d4b87e91-991a-4aa9-bfef-bc8de675e276,613b8cd3a5fab58f7be4e3fd6f76223e,2026_03_CAR_CLE,2026,3,2026-09-27T17:00:00Z,spreads,HOME,2026-09-23T13:00:21.951453Z,2026-09-23T13:00:21.551276Z,2026-09-22T18:51:43.097248Z,bb86d96ac8c5a37027060695827d4ca64ef6cc1d2ef5b5808941c85556f173d5,34fcafc02578e5841a3c21aebd51d0197fef755d768a84ae3857eccb977bab2b,2026-09-23T13:00:20Z,-3.0,-117,104,0.5237886235955056,1.029366585343815,-2.8666666666666663,,INCOMPARABLE_POINTS,3,-0.5587275948488466,0.0,-3.0,0.530372745231012,0.49504906812277805,0.4590133874766894,0.07279213913629948,0.46819447338701115,UNAVAILABLE_FOR_BETTING,DIAGNOSTIC_EARLY_SNAPSHOT,PASS,MODEL_LOCKED_UNTESTED_2026;UNCERTAINTY_UNAVAILABLE_FOR_BETTING;DIAGNOSTIC_EARLY_SNAPSHOT,local:v11-prospective-observer,2026-09-23T13:00:21.951453Z,2026-09-23T13:00:20Z,1.1.0,c802af238eb867f8da08adbabd4d60f71fedb08f38f1070f7d3dae31fc16b359
6618449206d22a8d6e477577c5d2f5f6a72c0d8fda1f483482c9fa42e03cb295,challenger-0.2.0,5c8bf3ec348a261ab2c0ce94bd8cc315f754a8dc991c15c20d0d961d06997984,49fadb583b0dee0ba78c242826cb3e521cee0c4af2da837cfd5df18936598793,159ec87beb47e140832d992a80618f94b5cef5681c9d11c24e999ce1cad03b10,c8df716c912e3f6e3b11d508f2988b51a9d4b5a7,d4b87e91-991a-4aa9-bfef-bc8de675e276,613b8cd3a5fab58f7be4e3fd6f76223e,2026_03_CAR_CLE,2026,3,2026-09-27T17:00:00Z,spreads,HOME,2026-09-23T13:00:24.484171Z,2026-09-23T13:00:21.551276Z,2026-09-22T18:51:43.097248Z,3ecdbfbaf3290a1d0f9b9aee517e61634d37a7bdde41367b8b77ffdf6363f311,5af7d50c961c28b30de4c58104f4fbcd9bdb6cb3c70944ab44c215599101599c,2026-09-23T13:00:20Z,-3.0,-117,104,0.5237886235955056,1.029366585343815,-2.8666666666666663,,INCOMPARABLE_POINTS,3,1.3758251033898943,0.0,-3.0,0.5301845667464653,0.5237886235955056,0.4807396314989832,0.08218771878055696,0.43707264972045984,MODELED_DEVELOPMENT_MARGIN_SHADOW_ONLY,SHADOW_ELIGIBLE,PASS,EXPERIMENTAL_SHADOW_NO_STAKES;SHADOW_ELIGIBLE,local:challenger+the-odds-api,2026-09-23T13:00:24.484171Z,2026-09-23T13:00:20Z,1.1.0,01deb24c7d19bdf6eea8861da7d6a9e855976ced0b071b9d6668c3a78aa858dd
d17b2cd1bfedc4b8143c45b62c0d88dd8a92456ddeef4d68b2d50711544962af,1.1.2,6590a4bbb77802175afa4c406de831d596569cbf2e1f596de7df0910f43e8fd5,e51f21289a5f63ada7c1746ad6385412db3f6a4e7fc3ba4e33e43fbdb6e9bf14,241bade8665d15f1855e8ed5cb5a8f8bc3dbb5e66c87d76b45ab5d76f1caa9f7,c8df716c912e3f6e3b11d508f2988b51a9d4b5a7,d4b87e91-991a-4aa9-bfef-bc8de675e276,613b8cd3a5fab58f7be4e3fd6f76223e,2026_03_CAR_CLE,2026,3,2026-09-27T17:00:00Z,totals,OVER,2026-09-23T13:00:21.951453Z,2026-09-23T13:00:21.551276Z,2026-09-22T18:51:43.097248Z,bb86d96ac8c5a37027060695827d4ca64ef6cc1d2ef5b5808941c85556f173d5,34fcafc02578e5841a3c21aebd51d0197fef755d768a84ae3857eccb977bab2b,2026-09-23T13:00:20Z,42.0,-110,-104,0.5067750677506776,1.0336134453781511,42.13333333333333,,INCOMPARABLE_POINTS,3,1.8682858495929213,0.1161508759454473,42.217003037946704,0.493548642360873,0.4999072943570805,0.4999072943570805,0.0,0.5000927056429195,UNAVAILABLE_FOR_BETTING,DIAGNOSTIC_EARLY_SNAPSHOT,PASS,MODEL_LOCKED_UNTESTED_2026;UNCERTAINTY_UNAVAILABLE_FOR_BETTING;DIAGNOSTIC_EARLY_SNAPSHOT,local:v11-prospective-observer,2026-09-23T13:00:21.951453Z,2026-09-23T13:00:20Z,1.1.0,06728fbda650d8db5bf41e6abd8ca91623ee510bbbb56fe92984814cdf02e185
fefa8c2bfa068d9ff3ca40f5fd98414700e6e0d4808044388ca66c2011996866,challenger-0.2.0,5c8bf3ec348a261ab2c0ce94bd8cc315f754a8dc991c15c20d0d961d06997984,49fadb583b0dee0ba78c242826cb3e521cee0c4af2da837cfd5df18936598793,159ec87beb47e140832d992a80618f94b5cef5681c9d11c24e999ce1cad03b10,c8df716c912e3f6e3b11d508f2988b51a9d4b5a7,d4b87e91-991a-4aa9-bfef-bc8de675e276,613b8cd3a5fab58f7be4e3fd6f76223e,2026_03_CAR_CLE,2026,3,2026-09-27T17:00:00Z,totals,OVER,2026-09-23T13:00:24.484171Z,2026-09-23T13:00:21.551276Z,2026-09-22T18:51:43.097248Z,3ecdbfbaf3290a1d0f9b9aee517e61634d37a7bdde41367b8b77ffdf6363f311,5af7d50c961c28b30de4c58104f4fbcd9bdb6cb3c70944ab44c215599101599c,2026-09-23T13:00:20Z,42.0,-110,-104,0.5067750677506776,1.0336134453781511,42.13333333333333,,INCOMPARABLE_POINTS,3,-0.4060120454237932,0.0,42.0,0.4942364359118773,0.5067750677506776,0.5036719051448436,0.006123352949479904,0.49020474190567653,MODELED_DEVELOPMENT_MARGIN_SHADOW_ONLY,SHADOW_ELIGIBLE,PASS,EXPERIMENTAL_SHADOW_NO_STAKES;SHADOW_ELIGIBLE,local:challenger+the-odds-api,2026-09-23T13:00:24.484171Z,2026-09-23T13:00:20Z,1.1.0,9be51798faa45a4d843a62134d039f170dd7407e24eb1a85273b2880dba8a86c
b752f86219f66bf59ddf4cb333e42f674860a8027e68b9d50a226bcb769e47b1,challenger-0.2.0,5c8bf3ec348a261ab2c0ce94bd8cc315f754a8dc991c15c20d0d961d06997984,49fadb583b0dee0ba78c242826cb3e521cee0c4af2da837cfd5df18936598793,159ec87beb47e140832d992a80618f94b5cef5681c9d11c24e999ce1cad03b10,c8df716c912e3f6e3b11d508f2988b51a9d4b5a7,d4b87e91-991a-4aa9-bfef-bc8de675e276,71123be049587b6facce3a20c53e5d09,2026_03_CIN_PIT,2026,3,2026-09-27T17:00:00Z,spreads,HOME,2026-09-23T13:00:24.484171Z,2026-09-23T13:00:21.551276Z,2026-09-22T18:51:43.097248Z,3ecdbfbaf3290a1d0f9b9aee517e61634d37a7bdde41367b8b77ffdf6363f311,48573966df113a076bdb838f790ed7ebc5ad604eb1f8a9efe85f74a71820f753,2026-09-23T13:00:20Z,-3.5,-109,-103,0.506872222476749,1.0289202630400451,-3.5,0.5029634148286826,VALID,3,2.843762545460564,0.0,-3.5,0.5880380190023922,0.506872222476749,0.5055362037108772,0.0026358097891883946,0.4918279864999345,MODELED_DEVELOPMENT_MARGIN_SHADOW_ONLY,SHADOW_ELIGIBLE,PASS,EXPERIMENTAL_SHADOW_NO_STAKES;SHADOW_ELIGIBLE,local:challenger+the-odds-api,2026-09-23T13:00:24.484171Z,2026-09-23T13:00:20Z,1.1.0,b3dd58aba6285c844ec2b00d7c70265f8e51672fe4d542eca47d5042d854de82
f3d8d64655a371c55cd5ac7b99b0823a3881b295f306e34db64ef64323bdea1d,1.1.2,6590a4bbb77802175afa4c406de831d596569cbf2e1f596de7df0910f43e8fd5,e51f21289a5f63ada7c1746ad6385412db3f6a4e7fc3ba4e33e43fbdb6e9bf14,241bade8665d15f1855e8ed5cb5a8f8bc3dbb5e66c87d76b45ab5d76f1caa9f7,c8df716c912e3f6e3b11d508f2988b51a9d4b5a7,d4b87e91-991a-4aa9-bfef-bc8de675e276,71123be049587b6facce3a20c53e5d09,2026_03_CIN_PIT,2026,3,2026-09-27T17:00:00Z,spreads,HOME,2026-09-23T13:00:21.951453Z,2026-09-23T13:00:21.551276Z,2026-09-22T18:51:43.097248Z,bb86d96ac8c5a37027060695827d4ca64ef6cc1d2ef5b5808941c85556f173d5,a1d35ee0ebed8dc29bcf1324e4f4867b2915f08c0675c2c7ee2c08a721241004,2026-09-23T13:00:20Z,-3.5,-109,-103,0.506872222476749,1.0289202630400451,-3.5,0.5029634148286826,VALID,3,-0.8205198311347205,0.0,-3.5,0.5723847356389261,0.5014327422075912,0.5003210864338616,0.002216958886321089,0.4974619546798172,UNAVAILABLE_FOR_BETTING,DIAGNOSTIC_EARLY_SNAPSHOT,PASS,MODEL_LOCKED_UNTESTED_2026;UNCERTAINTY_UNAVAILABLE_FOR_BETTING;DIAGNOSTIC_EARLY_SNAPSHOT,local:v11-prospective-observer,2026-09-23T13:00:21.951453Z,2026-09-23T13:00:20Z,1.1.0,68c94ee45d363f890e58af22b37d8ba395917c8bfaf694862c0cbda3fb8eb82e
cbd5546786d4b04c559ed3cdce55c3893cc745e890b41fb058b391ee40eb35af,challenger-0.2.0,5c8bf3ec348a261ab2c0ce94bd8cc315f754a8dc991c15c20d0d961d06997984,49fadb583b0dee0ba78c242826cb3e521cee0c4af2da837cfd5df18936598793,159ec87beb47e140832d992a80618f94b5cef5681c9d11c24e999ce1cad03b10,c8df716c912e3f6e3b11d508f2988b51a9d4b5a7,d4b87e91-991a-4aa9-bfef-bc8de675e276,71123be049587b6facce3a20c53e5d09,2026_03_CIN_PIT,2026,3,2026-09-27T17:00:00Z,totals,OVER,2026-09-23T13:00:24.484171Z,2026-09-23T13:00:21.551276Z,2026-09-22T18:51:43.097248Z,3ecdbfbaf3290a1d0f9b9aee517e61634d37a7bdde41367b8b77ffdf6363f311,48573966df113a076bdb838f790ed7ebc5ad604eb1f8a9efe85f74a71820f753,2026-09-23T13:00:20Z,43.0,101,-116,0.4808976756612343,1.0345494748479824,42.8,,INCOMPARABLE_POINTS,3,-3.4052995315439247,0.0,43.0,0.4856689348927987,0.4808976756612343,0.4771898375725542,0.0077102433144053545,0.5150999191130404,MODELED_DEVELOPMENT_MARGIN_SHADOW_ONLY,SHADOW_ELIGIBLE,PASS,EXPERIMENTAL_SHADOW_NO_STAKES;SHADOW_ELIGIBLE,local:challenger+the-odds-api,2026-09-23T13:00:24.484171Z,2026-09-23T13:00:20Z,1.1.0,29d0b30ccff9b6f05775257600114cd629ce75fc245bc9aa28d630ed6a2b265b
d5c37d7fa7f434369c4d2384a6a20afab69fe162156e5513bcf78ba2a8ceba0e,1.1.2,6590a4bbb77802175afa4c406de831d596569cbf2e1f596de7df0910f43e8fd5,e51f21289a5f63ada7c1746ad6385412db3f6a4e7fc3ba4e33e43fbdb6e9bf14,241bade8665d15f1855e8ed5cb5a8f8bc3dbb5e66c87d76b45ab5d76f1caa9f7,c8df716c912e3f6e3b11d508f2988b51a9d4b5a7,d4b87e91-991a-4aa9-bfef-bc8de675e276,71123be049587b6facce3a20c53e5d09,2026_03_CIN_PIT,2026,3,2026-09-27T17:00:00Z,totals,OVER,2026-09-23T13:00:21.951453Z,2026-09-23T13:00:21.551276Z,2026-09-22T18:51:43.097248Z,bb86d96ac8c5a37027060695827d4ca64ef6cc1d2ef5b5808941c85556f173d5,a1d35ee0ebed8dc29bcf1324e4f4867b2915f08c0675c2c7ee2c08a721241004,2026-09-23T13:00:20Z,43.0,101,-116,0.4808976756612343,1.0345494748479824,42.8,,INCOMPARABLE_POINTS,3,0.6541572941928131,0.1161508759454473,43.0759809427266,0.4909947931229129,0.4948708359688912,0.4948708359688912,0.0,0.5051291640311089,UNAVAILABLE_FOR_BETTING,DIAGNOSTIC_EARLY_SNAPSHOT,PASS,MODEL_LOCKED_UNTESTED_2026;UNCERTAINTY_UNAVAILABLE_FOR_BETTING;DIAGNOSTIC_EARLY_SNAPSHOT,local:v11-prospective-observer,2026-09-23T13:00:21.951453Z,2026-09-23T13:00:20Z,1.1.0,8333f1bdf4904f4a371a48fc40af38ed1be91734e3177dbec4b657f4a0d5c8ed
3d6ee72df9790f9a75b40188ae9112b6d4ade646f177474267b5fad3d8d73979,challenger-0.2.0,5c8bf3ec348a261ab2c0ce94bd8cc315f754a8dc991c15c20d0d961d06997984,49fadb583b0dee0ba78c242826cb3e521cee0c4af2da837cfd5df18936598793,159ec87beb47e140832d992a80618f94b5cef5681c9d11c24e999ce1cad03b10,c8df716c912e3f6e3b11d508f2988b51a9d4b5a7,d4b87e91-991a-4aa9-bfef-bc8de675e276,17a730b7d399feeab6a78c30767c29d2,2026_03_HOU_IND,2026,3,2026-09-27T17:00:00Z,spreads,HOME,2026-09-23T13:00:24.484171Z,2026-09-23T13:00:21.551276Z,2026-09-22T18:51:43.097248Z,3ecdbfbaf3290a1d0f9b9aee517e61634d37a7bdde41367b8b77ffdf6363f311,,2026-09-23T13:00:20Z,-3.0,-116,103,0.5215734916275362,1.0296478744754607,-2.8666666666666663,,INCOMPARABLE_POINTS,3,,,,,,,,,MODELED_DEVELOPMENT_MARGIN_SHADOW_ONLY,INELIGIBLE_FEATURES,PASS,EXPERIMENTAL_SHADOW_NO_STAKES;INELIGIBLE_FEATURES;Challenger pregame model features are incomplete,local:challenger+the-odds-api,2026-09-23T13:00:24.484171Z,2026-09-23T13:00:20Z,1.1.0,2301216fb6a24b9705752b2603d2da9720638e36b6f99fe56c866fa9dcc4ce1f
a1b0a511d756c2c455f42b3129d130e421d9a3682ef6e552368c0fa818d56152,1.1.2,6590a4bbb77802175afa4c406de831d596569cbf2e1f596de7df0910f43e8fd5,e51f21289a5f63ada7c1746ad6385412db3f6a4e7fc3ba4e33e43fbdb6e9bf14,241bade8665d15f1855e8ed5cb5a8f8bc3dbb5e66c87d76b45ab5d76f1caa9f7,c8df716c912e3f6e3b11d508f2988b51a9d4b5a7,d4b87e91-991a-4aa9-bfef-bc8de675e276,17a730b7d399feeab6a78c30767c29d2,2026_03_HOU_IND,2026,3,2026-09-27T17:00:00Z,spreads,HOME,2026-09-23T13:00:21.951453Z,2026-09-23T13:00:21.551276Z,2026-09-22T18:51:43.097248Z,bb86d96ac8c5a37027060695827d4ca64ef6cc1d2ef5b5808941c85556f173d5,a3f9f3b45cdcff02e7f9fdda75792a74e7a342db8152dab921468be95d030cea,2026-09-23T13:00:20Z,-3.0,-116,103,0.5215734916275362,1.0296478744754607,-2.8666666666666663,,INCOMPARABLE_POINTS,3,0.6719419859653006,0.0,-3.0,0.530372745231012,0.49504906812277805,0.4590133874766894,0.07279213913629948,0.46819447338701115,UNAVAILABLE_FOR_BETTING,DIAGNOSTIC_EARLY_SNAPSHOT,PASS,MODEL_LOCKED_UNTESTED_2026;UNCERTAINTY_UNAVAILABLE_FOR_BETTING;DIAGNOSTIC_EARLY_SNAPSHOT,local:v11-prospective-observer,2026-09-23T13:00:21.951453Z,2026-09-23T13:00:20Z,1.1.0,f685e334651b179cd09ab686efb824a7a694754c4b051775dd160382495ff6a8
d3bbeab8ce96911949388b537ba74394c1da6789d1c6b03684e3a24913ac3975,challenger-0.2.0,5c8bf3ec348a261ab2c0ce94bd8cc315f754a8dc991c15c20d0d961d06997984,49fadb583b0dee0ba78c242826cb3e521cee0c4af2da837cfd5df18936598793,159ec87beb47e140832d992a80618f94b5cef5681c9d11c24e999ce1cad03b10,c8df716c912e3f6e3b11d508f2988b51a9d4b5a7,d4b87e91-991a-4aa9-bfef-bc8de675e276,17a730b7d399feeab6a78c30767c29d2,2026_03_HOU_IND,2026,3,2026-09-27T17:00:00Z,totals,OVER,2026-09-23T13:00:24.484171Z,2026-09-23T13:00:21.551276Z,2026-09-22T18:51:43.097248Z,3ecdbfbaf3290a1d0f9b9aee517e61634d37a7bdde41367b8b77ffdf6363f311,,2026-09-23T13:00:20Z,42.5,-110,-104,0.5067750677506776,1.0336134453781511,42.5,0.504934995568252,VALID,3,,,,,,,,,MODELED_DEVELOPMENT_MARGIN_SHADOW_ONLY,INELIGIBLE_FEATURES,PASS,EXPERIMENTAL_SHADOW_NO_STAKES;INELIGIBLE_FEATURES;Challenger pregame model features are incomplete,local:challenger+the-odds-api,2026-09-23T13:00:24.484171Z,2026-09-23T13:00:20Z,1.1.0,1bbd4d03f707e55a01cee43baa351f9da65b77ef2cb552dc3c649cdaf593adbe
f635519f163c119d180abe4a79db356e70cdfc05fb0c535261daf0f92cc0195d,1.1.2,6590a4bbb77802175afa4c406de831d596569cbf2e1f596de7df0910f43e8fd5,e51f21289a5f63ada7c1746ad6385412db3f6a4e7fc3ba4e33e43fbdb6e9bf14,241bade8665d15f1855e8ed5cb5a8f8bc3dbb5e66c87d76b45ab5d76f1caa9f7,c8df716c912e3f6e3b11d508f2988b51a9d4b5a7,d4b87e91-991a-4aa9-bfef-bc8de675e276,17a730b7d399feeab6a78c30767c29d2,2026_03_HOU_IND,2026,3,2026-09-27T17:00:00Z,totals,OVER,2026-09-23T13:00:21.951453Z,2026-09-23T13:00:21.551276Z,2026-09-22T18:51:43.097248Z,bb86d96ac8c5a37027060695827d4ca64ef6cc1d2ef5b5808941c85556f173d5,a3f9f3b45cdcff02e7f9fdda75792a74e7a342db8152dab921468be95d030cea,2026-09-23T13:00:20Z,42.5,-110,-104,0.5067750677506776,1.0336134453781511,42.5,0.504934995568252,VALID,3,0.13778623741885193,0.1161508759454473,42.51600399216942,0.4890460389223294,0.49102772480650725,0.49102772480650725,0.0,0.5089722751934928,UNAVAILABLE_FOR_BETTING,DIAGNOSTIC_EARLY_SNAPSHOT,PASS,MODEL_LOCKED_UNTESTED_2026;UNCERTAINTY_UNAVAILABLE_FOR_BETTING;DIAGNOSTIC_EARLY_SNAPSHOT,local:v11-prospective-observer,2026-09-23T13:00:21.951453Z,2026-09-23T13:00:20Z,1.1.0,af4c7bb4787702d7471e322728af6a31f336f26ed950723a70b275896a8d9d4c
03ed11dbdbc1d31f5a28a02834f319d6e748d0646f735d6a59a02c717e8e4204,1.1.2,6590a4bbb77802175afa4c406de831d596569cbf2e1f596de7df0910f43e8fd5,e51f21289a5f63ada7c1746ad6385412db3f6a4e7fc3ba4e33e43fbdb6e9bf14,241bade8665d15f1855e8ed5cb5a8f8bc3dbb5e66c87d76b45ab5d76f1caa9f7,c8df716c912e3f6e3b11d508f2988b51a9d4b5a7,d4b87e91-991a-4aa9-bfef-bc8de675e276,0339a0e41bcee12820eb3e64bb5fadb4,2026_03_KC_MIA,2026,3,2026-09-27T17:00:00Z,spreads,HOME,2026-09-23T13:00:21.951453Z,2026-09-23T13:00:21.551276Z,2026-09-22T18:51:43.097248Z,bb86d96ac8c5a37027060695827d4ca64ef6cc1d2ef5b5808941c85556f173d5,770dff6a2047ba7ec0a59087768cae6344918f690b48fcec8da767d211bc4307,2026-09-23T13:00:20Z,-11.5,-109,-104,0.5056854361866643,1.0313350220470963,-11.433333333333334,,INCOMPARABLE_POINTS,3,-0.27608844341307187,0.0,-11.5,0.6826801204670417,0.5192483075293924,0.5181883258285566,0.002041377286098966,0.4797702968853444,UNAVAILABLE_FOR_BETTING,DIAGNOSTIC_EARLY_SNAPSHOT,PASS,MODEL_LOCKED_UNTESTED_2026;UNCERTAINTY_UNAVAILABLE_FOR_BETTING;DIAGNOSTIC_EARLY_SNAPSHOT,local:v11-prospective-observer,2026-09-23T13:00:21.951453Z,2026-09-23T13:00:20Z,1.1.0,0d1379ec1bbfda13f86bb8644f30d19c2c3bff32f4735497d14101fbf43ca346
992f76474e96115186f124ec6b23e1749951c1c8e4c27d2aaad78c63c53190f4,challenger-0.2.0,5c8bf3ec348a261ab2c0ce94bd8cc315f754a8dc991c15c20d0d961d06997984,49fadb583b0dee0ba78c242826cb3e521cee0c4af2da837cfd5df18936598793,159ec87beb47e140832d992a80618f94b5cef5681c9d11c24e999ce1cad03b10,c8df716c912e3f6e3b11d508f2988b51a9d4b5a7,d4b87e91-991a-4aa9-bfef-bc8de675e276,0339a0e41bcee12820eb3e64bb5fadb4,2026_03_KC_MIA,2026,3,2026-09-27T17:00:00Z,spreads,HOME,2026-09-23T13:00:24.484171Z,2026-09-23T13:00:21.551276Z,2026-09-22T18:51:43.097248Z,3ecdbfbaf3290a1d0f9b9aee517e61634d37a7bdde41367b8b77ffdf6363f311,97c4e83c5cfcfb2ad658df89bc463801caa63489b5874c631d9c5aea4c1a12e1,2026-09-23T13:00:20Z,-11.5,-109,-104,0.5056854361866643,1.0313350220470963,-11.433333333333334,,INCOMPARABLE_POINTS,3,7.354004717566157,0.0,-11.5,0.6929595680976149,0.5056854361866643,0.5043851161992366,0.002571400903362362,0.4930434828974009,MODELED_DEVELOPMENT_MARGIN_SHADOW_ONLY,SHADOW_ELIGIBLE,PASS,EXPERIMENTAL_SHADOW_NO_STAKES;SHADOW_ELIGIBLE,local:challenger+the-odds-api,2026-09-23T13:00:24.484171Z,2026-09-23T13:00:20Z,1.1.0,0c835949b3bcc7774f0e734eb6827b40758bc067f1f8cce73a55b6144f940416
2f8d39b78651bbd61322865078e8ad3f27b18a8a51ab75915a43c6a76b36c93f,challenger-0.2.0,5c8bf3ec348a261ab2c0ce94bd8cc315f754a8dc991c15c20d0d961d06997984,49fadb583b0dee0ba78c242826cb3e521cee0c4af2da837cfd5df18936598793,159ec87beb47e140832d992a80618f94b5cef5681c9d11c24e999ce1cad03b10,c8df716c912e3f6e3b11d508f2988b51a9d4b5a7,d4b87e91-991a-4aa9-bfef-bc8de675e276,0339a0e41bcee12820eb3e64bb5fadb4,2026_03_KC_MIA,2026,3,2026-09-27T17:00:00Z,totals,OVER,2026-09-23T13:00:24.484171Z,2026-09-23T13:00:21.551276Z,2026-09-22T18:51:43.097248Z,3ecdbfbaf3290a1d0f9b9aee517e61634d37a7bdde41367b8b77ffdf6363f311,97c4e83c5cfcfb2ad658df89bc463801caa63489b5874c631d9c5aea4c1a12e1,2026-09-23T13:00:20Z,46.0,-115,101,0.5180992939594308,1.0323961587411778,46.0,,INCOMPARABLE_POINTS,3,-2.8246217829581397,0.0,46.0,0.4856689348927987,0.5180992939594308,0.514104622341982,0.0077102433144053545,0.4781851343436127,MODELED_DEVELOPMENT_MARGIN_SHADOW_ONLY,SHADOW_ELIGIBLE,PASS,EXPERIMENTAL_SHADOW_NO_STAKES;SHADOW_ELIGIBLE,local:challenger+the-odds-api,2026-09-23T13:00:24.484171Z,2026-09-23T13:00:20Z,1.1.0,82bde99620216237fa30d44ba0d34de3174799e26030022120cc50f769457c62
a51b388ee80cee4d22e2f072f700b1c3582c1f2e6188476d60328c8c0947b47d,1.1.2,6590a4bbb77802175afa4c406de831d596569cbf2e1f596de7df0910f43e8fd5,e51f21289a5f63ada7c1746ad6385412db3f6a4e7fc3ba4e33e43fbdb6e9bf14,241bade8665d15f1855e8ed5cb5a8f8bc3dbb5e66c87d76b45ab5d76f1caa9f7,c8df716c912e3f6e3b11d508f2988b51a9d4b5a7,d4b87e91-991a-4aa9-bfef-bc8de675e276,0339a0e41bcee12820eb3e64bb5fadb4,2026_03_KC_MIA,2026,3,2026-09-27T17:00:00Z,totals,OVER,2026-09-23T13:00:21.951453Z,2026-09-23T13:00:21.551276Z,2026-09-22T18:51:43.097248Z,bb86d96ac8c5a37027060695827d4ca64ef6cc1d2ef5b5808941c85556f173d5,770dff6a2047ba7ec0a59087768cae6344918f690b48fcec8da767d211bc4307,2026-09-23T13:00:20Z,46.0,-115,101,0.5180992939594308,1.0323961587411778,46.0,,INCOMPARABLE_POINTS,3,-0.357155014171371,0.1161508759454473,45.95851613225569,0.4842678577186861,0.48160713961505136,0.48160713961505136,0.0,0.5183928603849486,UNAVAILABLE_FOR_BETTING,DIAGNOSTIC_EARLY_SNAPSHOT,PASS,MODEL_LOCKED_UNTESTED_2026;UNCERTAINTY_UNAVAILABLE_FOR_BETTING;DIAGNOSTIC_EARLY_SNAPSHOT,local:v11-prospective-observer,2026-09-23T13:00:21.951453Z,2026-09-23T13:00:20Z,1.1.0,993cc424a10c50f3dfc40ab471e955f5fa2c66d08368bf4b4d29634f0073d241
9693ec54828fada002fd25a1ecbd7a5375ebfcd5027f973c7c91200db499e527,1.1.2,6590a4bbb77802175afa4c406de831d596569cbf2e1f596de7df0910f43e8fd5,e51f21289a5f63ada7c1746ad6385412db3f6a4e7fc3ba4e33e43fbdb6e9bf14,241bade8665d15f1855e8ed5cb5a8f8bc3dbb5e66c87d76b45ab5d76f1caa9f7,c8df716c912e3f6e3b11d508f2988b51a9d4b5a7,d4b87e91-991a-4aa9-bfef-bc8de675e276,b225458a282e140c44c45651255f2f6c,2026_03_LAC_BUF,2026,3,2026-09-27T17:00:00Z,spreads,HOME,2026-09-23T13:00:21.951453Z,2026-09-23T13:00:21.551276Z,2026-09-22T18:51:43.097248Z,bb86d96ac8c5a37027060695827d4ca64ef6cc1d2ef5b5808941c85556f173d5,1c02241ef3f59f23156d3e1d9cb8ebef15ef2da6248c75c8618de6acbe2e7c39,2026-09-23T13:00:20Z,7.5,101,-113,0.48394792447685914,1.028028869735828,7.366666666666667,,INCOMPARABLE_POINTS,3,-0.020611270833505564,0.0,7.5,0.4132336553140684,0.4773248232889265,0.4763504232365733,0.0020413772860989666,0.5216081994773278,UNAVAILABLE_FOR_BETTING,DIAGNOSTIC_EARLY_SNAPSHOT,PASS,MODEL_LOCKED_UNTESTED_2026;UNCERTAINTY_UNAVAILABLE_FOR_BETTING;DIAGNOSTIC_EARLY_SNAPSHOT,local:v11-prospective-observer,2026-09-23T13:00:21.951453Z,2026-09-23T13:00:20Z,1.1.0,12f6a88e4f0b21152a151321986eedafb9379dac3fee191b7d08fa828bc7f6dd
e3e565d358d1d72c88cc1c8baa5c39d16b01d64fc7f614d02adc85dcba1c8909,challenger-0.2.0,5c8bf3ec348a261ab2c0ce94bd8cc315f754a8dc991c15c20d0d961d06997984,49fadb583b0dee0ba78c242826cb3e521cee0c4af2da837cfd5df18936598793,159ec87beb47e140832d992a80618f94b5cef5681c9d11c24e999ce1cad03b10,c8df716c912e3f6e3b11d508f2988b51a9d4b5a7,d4b87e91-991a-4aa9-bfef-bc8de675e276,b225458a282e140c44c45651255f2f6c,2026_03_LAC_BUF,2026,3,2026-09-27T17:00:00Z,spreads,HOME,2026-09-23T13:00:24.484171Z,2026-09-23T13:00:21.551276Z,2026-09-22T18:51:43.097248Z,3ecdbfbaf3290a1d0f9b9aee517e61634d37a7bdde41367b8b77ffdf6363f311,9c55947d69a275c4e33a488f95117d73decedf11d4171ee4eb9ceb8d884ce2f5,2026-09-23T13:00:20Z,7.5,101,-113,0.48394792447685914,1.028028869735828,7.366666666666667,,INCOMPARABLE_POINTS,3,0.17208538769756743,0.0,7.5,0.4141422372169064,0.48394792447685914,0.48270350034667897,0.002571400903362362,0.5147250987499585,MODELED_DEVELOPMENT_MARGIN_SHADOW_ONLY,SHADOW_ELIGIBLE,PASS,EXPERIMENTAL_SHADOW_NO_STAKES;SHADOW_ELIGIBLE,local:challenger+the-odds-api,2026-09-23T13:00:24.484171Z,2026-09-23T13:00:20Z,1.1.0,9092fd4665016c116faea6257cdda005af89820bec984212d1be4cef73317d82
1538cba7e321f72685f4384768b039fd1d13ed4b7cdd34b1cec15c22adeba9a7,1.1.2,6590a4bbb77802175afa4c406de831d596569cbf2e1f596de7df0910f43e8fd5,e51f21289a5f63ada7c1746ad6385412db3f6a4e7fc3ba4e33e43fbdb6e9bf14,241bade8665d15f1855e8ed5cb5a8f8bc3dbb5e66c87d76b45ab5d76f1caa9f7,c8df716c912e3f6e3b11d508f2988b51a9d4b5a7,d4b87e91-991a-4aa9-bfef-bc8de675e276,b225458a282e140c44c45651255f2f6c,2026_03_LAC_BUF,2026,3,2026-09-27T17:00:00Z,totals,OVER,2026-09-23T13:00:21.951453Z,2026-09-23T13:00:21.551276Z,2026-09-22T18:51:43.097248Z,bb86d96ac8c5a37027060695827d4ca64ef6cc1d2ef5b5808941c85556f173d5,1c02241ef3f59f23156d3e1d9cb8ebef15ef2da6248c75c8618de6acbe2e7c39,2026-09-23T13:00:20Z,50.0,-108,-106,0.5022575401842152,1.0337938760268857,50.13333333333334,,INCOMPARABLE_POINTS,3,0.28838806955184026,0.1161508759454473,50.033496526890666,0.4901187209985292,0.49314311788227916,0.4931118909261104,0.00006332229942265894,0.506824786774467,UNAVAILABLE_FOR_BETTING,DIAGNOSTIC_EARLY_SNAPSHOT,PASS,MODEL_LOCKED_UNTESTED_2026;UNCERTAINTY_UNAVAILABLE_FOR_BETTING;DIAGNOSTIC_EARLY_SNAPSHOT,local:v11-prospective-observer,2026-09-23T13:00:21.951453Z,2026-09-23T13:00:20Z,1.1.0,d3f3e248fdca6971737d88420323b8d15413a0e46520646506958754a6c37a24
e91bdb20fc4b0086a06cdb32c9fbf83fb6b7c910c9546402e6a779edcbb28868,challenger-0.2.0,5c8bf3ec348a261ab2c0ce94bd8cc315f754a8dc991c15c20d0d961d06997984,49fadb583b0dee0ba78c242826cb3e521cee0c4af2da837cfd5df18936598793,159ec87beb47e140832d992a80618f94b5cef5681c9d11c24e999ce1cad03b10,c8df716c912e3f6e3b11d508f2988b51a9d4b5a7,d4b87e91-991a-4aa9-bfef-bc8de675e276,b225458a282e140c44c45651255f2f6c,2026_03_LAC_BUF,2026,3,2026-09-27T17:00:00Z,totals,OVER,2026-09-23T13:00:24.484171Z,2026-09-23T13:00:21.551276Z,2026-09-22T18:51:43.097248Z,3ecdbfbaf3290a1d0f9b9aee517e61634d37a7bdde41367b8b77ffdf6363f311,9c55947d69a275c4e33a488f95117d73decedf11d4171ee4eb9ceb8d884ce2f5,2026-09-23T13:00:20Z,50.0,-108,-106,0.5022575401842152,1.0337938760268857,50.13333333333334,,INCOMPARABLE_POINTS,3,-4.164455531403185,0.0,50.0,0.4939350888735808,0.5022575401842152,0.4980981584287287,0.008281372448805752,0.49362046912246554,MODELED_DEVELOPMENT_MARGIN_SHADOW_ONLY,SHADOW_ELIGIBLE,PASS,EXPERIMENTAL_SHADOW_NO_STAKES;SHADOW_ELIGIBLE,local:challenger+the-odds-api,2026-09-23T13:00:24.484171Z,2026-09-23T13:00:20Z,1.1.0,ac0858b5dd39afc573845f38e667435d62c8377b02a0b76af39c6e4accf92bce
2c51b3c6c945a18b3934a925de4f7f4a46fe59bb3a43727b0aa007dd75de1c57,1.1.2,6590a4bbb77802175afa4c406de831d596569cbf2e1f596de7df0910f43e8fd5,e51f21289a5f63ada7c1746ad6385412db3f6a4e7fc3ba4e33e43fbdb6e9bf14,241bade8665d15f1855e8ed5cb5a8f8bc3dbb5e66c87d76b45ab5d76f1caa9f7,c8df716c912e3f6e3b11d508f2988b51a9d4b5a7,d4b87e91-991a-4aa9-bfef-bc8de675e276,1f3cfd315a24d1a7dd5859a8e6b88e18,2026_03_NE_JAX,2026,3,2026-09-27T17:00:00Z,spreads,HOME,2026-09-23T13:00:21.951453Z,2026-09-23T13:00:21.551276Z,2026-09-22T18:51:43.097248Z,bb86d96ac8c5a37027060695827d4ca64ef6cc1d2ef5b5808941c85556f173d5,28d02f19b10187ccd73c58988e18dd60b23601395157804ba9b7103785b3b4cb,2026-09-23T13:00:20Z,3.0,-101,-111,0.4885378937233506,1.0285539128999552,2.9333333333333336,,INCOMPARABLE_POINTS,3,-0.3722949311263231,0.0,3.0,0.44714388814715483,0.48251507290248447,0.44265805089108384,0.08260264652800936,0.4747393025809067,UNAVAILABLE_FOR_BETTING,DIAGNOSTIC_EARLY_SNAPSHOT,PASS,MODEL_LOCKED_UNTESTED_2026;UNCERTAINTY_UNAVAILABLE_FOR_BETTING;DIAGNOSTIC_EARLY_SNAPSHOT,local:v11-prospective-observer,2026-09-23T13:00:21.951453Z,2026-09-23T13:00:20Z,1.1.0,007b30ccf931f6eecf31506874ab9740ebbdce807a8cb2f65b9a782a8ed74d7e
e1416d15dd035a5bf2da1e327299ce8873e0dd62fdc334793ebe814c8479f1a8,challenger-0.2.0,5c8bf3ec348a261ab2c0ce94bd8cc315f754a8dc991c15c20d0d961d06997984,49fadb583b0dee0ba78c242826cb3e521cee0c4af2da837cfd5df18936598793,159ec87beb47e140832d992a80618f94b5cef5681c9d11c24e999ce1cad03b10,c8df716c912e3f6e3b11d508f2988b51a9d4b5a7,d4b87e91-991a-4aa9-bfef-bc8de675e276,1f3cfd315a24d1a7dd5859a8e6b88e18,2026_03_NE_JAX,2026,3,2026-09-27T17:00:00Z,spreads,HOME,2026-09-23T13:00:24.484171Z,2026-09-23T13:00:21.551276Z,2026-09-22T18:51:43.097248Z,3ecdbfbaf3290a1d0f9b9aee517e61634d37a7bdde41367b8b77ffdf6363f311,b9da2a062f061cfe7b5eaabc88ae2e99081edafa5b3f124e5437a55a60a49d6b,2026-09-23T13:00:20Z,3.0,-101,-111,0.4885378937233506,1.0285539128999552,2.9333333333333336,,INCOMPARABLE_POINTS,3,0.6700978395575357,0.0,3.0,0.4452438812570318,0.4885378937233506,0.4515999764233945,0.07560911400021987,0.4727909095763856,MODELED_DEVELOPMENT_MARGIN_SHADOW_ONLY,SHADOW_ELIGIBLE,PASS,EXPERIMENTAL_SHADOW_NO_STAKES;SHADOW_ELIGIBLE,local:challenger+the-odds-api,2026-09-23T13:00:24.484171Z,2026-09-23T13:00:20Z,1.1.0,a509db438233aa383025379d9b29bc9fe49f91efed0af611e42e24a7e923e99b
8909c88752aee9a14714f7f94c7bdde7e0d66627d86b97b35ccc3b6a5ab70327,challenger-0.2.0,5c8bf3ec348a261ab2c0ce94bd8cc315f754a8dc991c15c20d0d961d06997984,49fadb583b0dee0ba78c242826cb3e521cee0c4af2da837cfd5df18936598793,159ec87beb47e140832d992a80618f94b5cef5681c9d11c24e999ce1cad03b10,c8df716c912e3f6e3b11d508f2988b51a9d4b5a7,d4b87e91-991a-4aa9-bfef-bc8de675e276,1f3cfd315a24d1a7dd5859a8e6b88e18,2026_03_NE_JAX,2026,3,2026-09-27T17:00:00Z,totals,OVER,2026-09-23T13:00:24.484171Z,2026-09-23T13:00:21.551276Z,2026-09-22T18:51:43.097248Z,3ecdbfbaf3290a1d0f9b9aee517e61634d37a7bdde41367b8b77ffdf6363f311,b9da2a062f061cfe7b5eaabc88ae2e99081edafa5b3f124e5437a55a60a49d6b,2026-09-23T13:00:20Z,45.0,-112,-103,0.5100960244099434,1.0356910493540292,45.2,,INCOMPARABLE_POINTS,3,-2.565557590717539,0.0,45.0,0.4856689348927987,0.5100960244099434,0.5061630599480319,0.0077102433144053545,0.48612669673756276,MODELED_DEVELOPMENT_MARGIN_SHADOW_ONLY,SHADOW_ELIGIBLE,PASS,EXPERIMENTAL_SHADOW_NO_STAKES;SHADOW_ELIGIBLE,local:challenger+the-odds-api,2026-09-23T13:00:24.484171Z,2026-09-23T13:00:20Z,1.1.0,75a054677f71636c2047def0dfb369f6ea9f75cbaa3e25e1ed79dd2466afab27
b0c3577724de500bf55f601121bd518297b363abc9a993cf56e20c421a9b9b47,1.1.2,6590a4bbb77802175afa4c406de831d596569cbf2e1f596de7df0910f43e8fd5,e51f21289a5f63ada7c1746ad6385412db3f6a4e7fc3ba4e33e43fbdb6e9bf14,241bade8665d15f1855e8ed5cb5a8f8bc3dbb5e66c87d76b45ab5d76f1caa9f7,c8df716c912e3f6e3b11d508f2988b51a9d4b5a7,d4b87e91-991a-4aa9-bfef-bc8de675e276,1f3cfd315a24d1a7dd5859a8e6b88e18,2026_03_NE_JAX,2026,3,2026-09-27T17:00:00Z,totals,OVER,2026-09-23T13:00:21.951453Z,2026-09-23T13:00:21.551276Z,2026-09-22T18:51:43.097248Z,bb86d96ac8c5a37027060695827d4ca64ef6cc1d2ef5b5808941c85556f173d5,28d02f19b10187ccd73c58988e18dd60b23601395157804ba9b7103785b3b4cb,2026-09-23T13:00:20Z,45.0,-112,-103,0.5100960244099434,1.0356910493540292,45.2,,INCOMPARABLE_POINTS,3,0.5125268351428967,0.1161508759454473,45.0595304408474,0.4894747058462756,0.4918730700371855,0.4918730700371855,0.0,0.5081269299628145,UNAVAILABLE_FOR_BETTING,DIAGNOSTIC_EARLY_SNAPSHOT,PASS,MODEL_LOCKED_UNTESTED_2026;UNCERTAINTY_UNAVAILABLE_FOR_BETTING;DIAGNOSTIC_EARLY_SNAPSHOT,local:v11-prospective-observer,2026-09-23T13:00:21.951453Z,2026-09-23T13:00:20Z,1.1.0,2926caf51567f3e0f9d9828bbe47f1cce568ccd59bfd007064d88f3a8af3f425
638c358ff1fec0cfd90f2904f086340d6204079e2db1133fc165af3313d70ae9,1.1.2,6590a4bbb77802175afa4c406de831d596569cbf2e1f596de7df0910f43e8fd5,e51f21289a5f63ada7c1746ad6385412db3f6a4e7fc3ba4e33e43fbdb6e9bf14,241bade8665d15f1855e8ed5cb5a8f8bc3dbb5e66c87d76b45ab5d76f1caa9f7,c8df716c912e3f6e3b11d508f2988b51a9d4b5a7,d4b87e91-991a-4aa9-bfef-bc8de675e276,07f552badfa8a565d1be22123713e4da,2026_03_NYJ_DET,2026,3,2026-09-27T17:00:00Z,spreads,HOME,2026-09-23T13:00:21.951453Z,2026-09-23T13:00:21.551276Z,2026-09-22T18:51:43.097248Z,bb86d96ac8c5a37027060695827d4ca64ef6cc1d2ef5b5808941c85556f173d5,5b68fb14cdbfdf7fc87a906eff9c4c18daa33b512b3b9bdbae65b6597335afbc,2026-09-23T13:00:20Z,7.0,108,-122,0.4666218261308223,1.03031878031878,6.800000000000001,,INCOMPARABLE_POINTS,3,-1.017863880061251,0.0,7.0,0.43130864402557506,0.48010323117212567,0.45904439250788076,0.04386314712532096,0.4970924603667984,UNAVAILABLE_FOR_BETTING,DIAGNOSTIC_EARLY_SNAPSHOT,PASS,MODEL_LOCKED_UNTESTED_2026;UNCERTAINTY_UNAVAILABLE_FOR_BETTING;DIAGNOSTIC_EARLY_SNAPSHOT,local:v11-prospective-observer,2026-09-23T13:00:21.951453Z,2026-09-23T13:00:20Z,1.1.0,5bcfd4c3ce84b0d98107f1dc200d8f8d61798a34e70468f28f3adc1d818a189d
e283dab930fb438563252bae05f95e66e6c83f1f8e7e6104dcda6c7e1fe64df7,challenger-0.2.0,5c8bf3ec348a261ab2c0ce94bd8cc315f754a8dc991c15c20d0d961d06997984,49fadb583b0dee0ba78c242826cb3e521cee0c4af2da837cfd5df18936598793,159ec87beb47e140832d992a80618f94b5cef5681c9d11c24e999ce1cad03b10,c8df716c912e3f6e3b11d508f2988b51a9d4b5a7,d4b87e91-991a-4aa9-bfef-bc8de675e276,07f552badfa8a565d1be22123713e4da,2026_03_NYJ_DET,2026,3,2026-09-27T17:00:00Z,spreads,HOME,2026-09-23T13:00:24.484171Z,2026-09-23T13:00:21.551276Z,2026-09-22T18:51:43.097248Z,3ecdbfbaf3290a1d0f9b9aee517e61634d37a7bdde41367b8b77ffdf6363f311,ccfdc06fa04f36f674e0326b2c3ea90350e415777ec0022dd67b8607fb3ce4ff,2026-09-23T13:00:20Z,7.0,108,-122,0.4666218261308223,1.03031878031878,6.800000000000001,,INCOMPARABLE_POINTS,3,-5.342121310086249,0.0,7.0,0.427929073796071,0.4666218261308223,0.45042718811482046,0.03470613055177041,0.5148666813334091,MODELED_DEVELOPMENT_MARGIN_SHADOW_ONLY,SHADOW_ELIGIBLE,PASS,EXPERIMENTAL_SHADOW_NO_STAKES;SHADOW_ELIGIBLE,local:challenger+the-odds-api,2026-09-23T13:00:24.484171Z,2026-09-23T13:00:20Z,1.1.0,4f53084a68e05f44413ae532e4258fe902d7a7d439a43274f3921112a4c528c8
0bc9255847cdc8d50e28a3061c667de023415bd67cc6b7be89e3e255e2bfec6e,challenger-0.2.0,5c8bf3ec348a261ab2c0ce94bd8cc315f754a8dc991c15c20d0d961d06997984,49fadb583b0dee0ba78c242826cb3e521cee0c4af2da837cfd5df18936598793,159ec87beb47e140832d992a80618f94b5cef5681c9d11c24e999ce1cad03b10,c8df716c912e3f6e3b11d508f2988b51a9d4b5a7,d4b87e91-991a-4aa9-bfef-bc8de675e276,07f552badfa8a565d1be22123713e4da,2026_03_NYJ_DET,2026,3,2026-09-27T17:00:00Z,totals,OVER,2026-09-23T13:00:24.484171Z,2026-09-23T13:00:21.551276Z,2026-09-22T18:51:43.097248Z,3ecdbfbaf3290a1d0f9b9aee517e61634d37a7bdde41367b8b77ffdf6363f311,ccfdc06fa04f36f674e0326b2c3ea90350e415777ec0022dd67b8607fb3ce4ff,2026-09-23T13:00:20Z,48.0,102,-117,0.47866943133189216,1.0342200118629374,47.8,,INCOMPARABLE_POINTS,3,-0.3017728512240794,0.0,48.0,0.4939350888735808,0.47866943133189216,0.4747053914911747,0.008281372448805752,0.5170132360600195,MODELED_DEVELOPMENT_MARGIN_SHADOW_ONLY,SHADOW_ELIGIBLE,PASS,EXPERIMENTAL_SHADOW_NO_STAKES;SHADOW_ELIGIBLE,local:challenger+the-odds-api,2026-09-23T13:00:24.484171Z,2026-09-23T13:00:20Z,1.1.0,4a0d0991815e9b3a691f071813e27ca780c85e8a65fcd28fe8c30d8c248c2adc
12bda29bf070bf608e1fa15b54489c8061619cea7a44910fbebc6bb4f87e3188,1.1.2,6590a4bbb77802175afa4c406de831d596569cbf2e1f596de7df0910f43e8fd5,e51f21289a5f63ada7c1746ad6385412db3f6a4e7fc3ba4e33e43fbdb6e9bf14,241bade8665d15f1855e8ed5cb5a8f8bc3dbb5e66c87d76b45ab5d76f1caa9f7,c8df716c912e3f6e3b11d508f2988b51a9d4b5a7,d4b87e91-991a-4aa9-bfef-bc8de675e276,07f552badfa8a565d1be22123713e4da,2026_03_NYJ_DET,2026,3,2026-09-27T17:00:00Z,totals,OVER,2026-09-23T13:00:21.951453Z,2026-09-23T13:00:21.551276Z,2026-09-22T18:51:43.097248Z,bb86d96ac8c5a37027060695827d4ca64ef6cc1d2ef5b5808941c85556f173d5,5b68fb14cdbfdf7fc87a906eff9c4c18daa33b512b3b9bdbae65b6597335afbc,2026-09-23T13:00:20Z,48.0,102,-117,0.47866943133189216,1.0342200118629374,47.8,,INCOMPARABLE_POINTS,3,0.7371648994096434,0.1161508759454473,48.08562234878267,0.4923952144738917,0.4976326480647574,0.4976326480647574,0.0,0.5023673519352426,UNAVAILABLE_FOR_BETTING,DIAGNOSTIC_EARLY_SNAPSHOT,PASS,MODEL_LOCKED_UNTESTED_2026;UNCERTAINTY_UNAVAILABLE_FOR_BETTING;DIAGNOSTIC_EARLY_SNAPSHOT,local:v11-prospective-observer,2026-09-23T13:00:21.951453Z,2026-09-23T13:00:20Z,1.1.0,b63ca93954a3548ab89168161d85373ac723dfbe2434c30dda23daba9b3696cd
03b468b4368ca181a3d39eb39b72cb6a835f5c87a7ac7bef499529a40b550686,challenger-0.2.0,5c8bf3ec348a261ab2c0ce94bd8cc315f754a8dc991c15c20d0d961d06997984,49fadb583b0dee0ba78c242826cb3e521cee0c4af2da837cfd5df18936598793,159ec87beb47e140832d992a80618f94b5cef5681c9d11c24e999ce1cad03b10,c8df716c912e3f6e3b11d508f2988b51a9d4b5a7,d4b87e91-991a-4aa9-bfef-bc8de675e276,2a529c108305ffa049d8b6cfdbaa4d36,2026_03_SEA_WAS,2026,3,2026-09-27T17:00:00Z,spreads,HOME,2026-09-23T13:00:24.484171Z,2026-09-23T13:00:21.551276Z,2026-09-22T18:51:43.097248Z,3ecdbfbaf3290a1d0f9b9aee517e61634d37a7bdde41367b8b77ffdf6363f311,9328d20bdffadeff666be31d53c9e3f8bfad439375ddf78dda8776698d1ac213,2026-09-23T13:00:20Z,-7.0,-106,-106,0.5,1.029126213592233,-6.933333333333334,,INCOMPARABLE_POINTS,3,9.072751970630355,0.0,-7.0,0.6656102341598293,0.5,0.4790604616416847,0.04187907671663059,0.4790604616416847,MODELED_DEVELOPMENT_MARGIN_SHADOW_ONLY,SHADOW_ELIGIBLE,PASS,EXPERIMENTAL_SHADOW_NO_STAKES;SHADOW_ELIGIBLE,local:challenger+the-odds-api,2026-09-23T13:00:24.484171Z,2026-09-23T13:00:20Z,1.1.0,f9463c613b64bd67384706adf415c03bae865ce9febedf194df99b7abb44006e
e934c2b91669efa43c3949c5db629f198abb598da153e3ef0a451ad3dbc93f58,1.1.2,6590a4bbb77802175afa4c406de831d596569cbf2e1f596de7df0910f43e8fd5,e51f21289a5f63ada7c1746ad6385412db3f6a4e7fc3ba4e33e43fbdb6e9bf14,241bade8665d15f1855e8ed5cb5a8f8bc3dbb5e66c87d76b45ab5d76f1caa9f7,c8df716c912e3f6e3b11d508f2988b51a9d4b5a7,d4b87e91-991a-4aa9-bfef-bc8de675e276,2a529c108305ffa049d8b6cfdbaa4d36,2026_03_SEA_WAS,2026,3,2026-09-27T17:00:00Z,spreads,HOME,2026-09-23T13:00:21.951453Z,2026-09-23T13:00:21.551276Z,2026-09-22T18:51:43.097248Z,bb86d96ac8c5a37027060695827d4ca64ef6cc1d2ef5b5808941c85556f173d5,b49164a5abcb29aad580f492efd856b141a4e23f7372d6f5626dbd771c168b49,2026-09-23T13:00:20Z,-7.0,-106,-106,0.5,1.029126213592233,-6.933333333333334,,INCOMPARABLE_POINTS,3,0.23323711872322686,0.0,-7.0,0.6632152782237675,0.5159295287254135,0.49768180512142074,0.03536863580782665,0.4669495590707526,UNAVAILABLE_FOR_BETTING,DIAGNOSTIC_EARLY_SNAPSHOT,PASS,MODEL_LOCKED_UNTESTED_2026;UNCERTAINTY_UNAVAILABLE_FOR_BETTING;DIAGNOSTIC_EARLY_SNAPSHOT,local:v11-prospective-observer,2026-09-23T13:00:21.951453Z,2026-09-23T13:00:20Z,1.1.0,0484235e765e40ff767a2706c4ba53544786ef0c91012392c5110b8ab17d969e
8a29e66cd715ca85762f402e681a984e79ede251ecb9e9abd6ff67ae649583c6,challenger-0.2.0,5c8bf3ec348a261ab2c0ce94bd8cc315f754a8dc991c15c20d0d961d06997984,49fadb583b0dee0ba78c242826cb3e521cee0c4af2da837cfd5df18936598793,159ec87beb47e140832d992a80618f94b5cef5681c9d11c24e999ce1cad03b10,c8df716c912e3f6e3b11d508f2988b51a9d4b5a7,d4b87e91-991a-4aa9-bfef-bc8de675e276,2a529c108305ffa049d8b6cfdbaa4d36,2026_03_SEA_WAS,2026,3,2026-09-27T17:00:00Z,totals,OVER,2026-09-23T13:00:24.484171Z,2026-09-23T13:00:21.551276Z,2026-09-22T18:51:43.097248Z,3ecdbfbaf3290a1d0f9b9aee517e61634d37a7bdde41367b8b77ffdf6363f311,9328d20bdffadeff666be31d53c9e3f8bfad439375ddf78dda8776698d1ac213,2026-09-23T13:00:20Z,40.5,-101,-113,0.48643331976665316,1.0330039941139373,40.5,0.4886748201799771,VALID,3,1.2979942734141545,0.0,40.5,0.4942364359118773,0.48643331976665316,0.48345471686333474,0.006123352949479904,0.5104219301871854,MODELED_DEVELOPMENT_MARGIN_SHADOW_ONLY,SHADOW_ELIGIBLE,PASS,EXPERIMENTAL_SHADOW_NO_STAKES;SHADOW_ELIGIBLE,local:challenger+the-odds-api,2026-09-23T13:00:24.484171Z,2026-09-23T13:00:20Z,1.1.0,62f793f7b3d310a52c8017da8ab28ec9b77df47dbe7deabbe7741e42f1661018
b5339878366649b8185ddde4d289af1f62362bd671797f045967183b9721ddae,1.1.2,6590a4bbb77802175afa4c406de831d596569cbf2e1f596de7df0910f43e8fd5,e51f21289a5f63ada7c1746ad6385412db3f6a4e7fc3ba4e33e43fbdb6e9bf14,241bade8665d15f1855e8ed5cb5a8f8bc3dbb5e66c87d76b45ab5d76f1caa9f7,c8df716c912e3f6e3b11d508f2988b51a9d4b5a7,d4b87e91-991a-4aa9-bfef-bc8de675e276,2a529c108305ffa049d8b6cfdbaa4d36,2026_03_SEA_WAS,2026,3,2026-09-27T17:00:00Z,totals,OVER,2026-09-23T13:00:21.951453Z,2026-09-23T13:00:21.551276Z,2026-09-22T18:51:43.097248Z,bb86d96ac8c5a37027060695827d4ca64ef6cc1d2ef5b5808941c85556f173d5,b49164a5abcb29aad580f492efd856b141a4e23f7372d6f5626dbd771c168b49,2026-09-23T13:00:20Z,40.5,-101,-113,0.48643331976665316,1.0330039941139373,40.5,0.4886748201799771,VALID,3,-0.3571090209750026,0.1161508759454473,40.458521474405735,0.4880189072416212,0.4890022737474261,0.4890022737474261,0.0,0.5109977262525739,UNAVAILABLE_FOR_BETTING,DIAGNOSTIC_EARLY_SNAPSHOT,PASS,MODEL_LOCKED_UNTESTED_2026;UNCERTAINTY_UNAVAILABLE_FOR_BETTING;DIAGNOSTIC_EARLY_SNAPSHOT,local:v11-prospective-observer,2026-09-23T13:00:21.951453Z,2026-09-23T13:00:20Z,1.1.0,30d97121558eabcaa8956564402b03880b4d9b32ccc831cca5b0dfb9feb46617
188fe24f7d032377938ed967e84788840ccbd75b9cb1ada80b04dba3014cfdb4,challenger-0.2.0,5c8bf3ec348a261ab2c0ce94bd8cc315f754a8dc991c15c20d0d961d06997984,49fadb583b0dee0ba78c242826cb3e521cee0c4af2da837cfd5df18936598793,159ec87beb47e140832d992a80618f94b5cef5681c9d11c24e999ce1cad03b10,c8df716c912e3f6e3b11d508f2988b51a9d4b5a7,d4b87e91-991a-4aa9-bfef-bc8de675e276,555afd4a27aaa392662881cffa8f2eef,2026_03_TEN_NYG,2026,3,2026-09-27T17:00:00Z,spreads,HOME,2026-09-23T13:00:24.484171Z,2026-09-23T13:00:21.551276Z,2026-09-22T18:51:43.097248Z,3ecdbfbaf3290a1d0f9b9aee517e61634d37a7bdde41367b8b77ffdf6363f311,81f8a01a258c38d6782c13b2c6fc78e9f2cde782baa7926c346edbcd368a5bf4,2026-09-23T13:00:20Z,3.0,103,-116,0.47842650837246387,1.0296478744754607,2.8666666666666663,,INCOMPARABLE_POINTS,3,-2.022105796620707,0.0,3.0,0.4452438812570318,0.47842650837246387,0.4422531039602031,0.07560911400021987,0.48213778203957697,MODELED_DEVELOPMENT_MARGIN_SHADOW_ONLY,SHADOW_ELIGIBLE,PASS,EXPERIMENTAL_SHADOW_NO_STAKES;SHADOW_ELIGIBLE,local:challenger+the-odds-api,2026-09-23T13:00:24.484171Z,2026-09-23T13:00:20Z,1.1.0,95cfcecc760a9f023ad67560dfa3feeb8c09a65954f1a5f5c770df8f269b4528
ba45a05935fcbb0f0761f2cbc8bd7fae581e5cfd52d2af80b6d1e1174469133a,1.1.2,6590a4bbb77802175afa4c406de831d596569cbf2e1f596de7df0910f43e8fd5,e51f21289a5f63ada7c1746ad6385412db3f6a4e7fc3ba4e33e43fbdb6e9bf14,241bade8665d15f1855e8ed5cb5a8f8bc3dbb5e66c87d76b45ab5d76f1caa9f7,c8df716c912e3f6e3b11d508f2988b51a9d4b5a7,d4b87e91-991a-4aa9-bfef-bc8de675e276,555afd4a27aaa392662881cffa8f2eef,2026_03_TEN_NYG,2026,3,2026-09-27T17:00:00Z,spreads,HOME,2026-09-23T13:00:21.951453Z,2026-09-23T13:00:21.551276Z,2026-09-22T18:51:43.097248Z,bb86d96ac8c5a37027060695827d4ca64ef6cc1d2ef5b5808941c85556f173d5,5a5c72ce13aacf63e4656ba00c3f8bc65f3a088247c14704d59269b618578ff2,2026-09-23T13:00:20Z,3.0,103,-116,0.47842650837246387,1.0296478744754607,2.8666666666666663,,INCOMPARABLE_POINTS,3,-0.4956402629288328,0.0,3.0,0.44714388814715483,0.48251507290248447,0.44265805089108384,0.08260264652800936,0.4747393025809067,UNAVAILABLE_FOR_BETTING,DIAGNOSTIC_EARLY_SNAPSHOT,PASS,MODEL_LOCKED_UNTESTED_2026;UNCERTAINTY_UNAVAILABLE_FOR_BETTING;DIAGNOSTIC_EARLY_SNAPSHOT,local:v11-prospective-observer,2026-09-23T13:00:21.951453Z,2026-09-23T13:00:20Z,1.1.0,b20975672b6c1845d665e711cc6b6e9f974efa8191ec2f1f8ecba2c5a72edabf
30ffebafed2ea57ccbbc03d18c3bb651fea56309b2f74dd6a252b3c1f44b940a,challenger-0.2.0,5c8bf3ec348a261ab2c0ce94bd8cc315f754a8dc991c15c20d0d961d06997984,49fadb583b0dee0ba78c242826cb3e521cee0c4af2da837cfd5df18936598793,159ec87beb47e140832d992a80618f94b5cef5681c9d11c24e999ce1cad03b10,c8df716c912e3f6e3b11d508f2988b51a9d4b5a7,d4b87e91-991a-4aa9-bfef-bc8de675e276,555afd4a27aaa392662881cffa8f2eef,2026_03_TEN_NYG,2026,3,2026-09-27T17:00:00Z,totals,OVER,2026-09-23T13:00:24.484171Z,2026-09-23T13:00:21.551276Z,2026-09-22T18:51:43.097248Z,3ecdbfbaf3290a1d0f9b9aee517e61634d37a7bdde41367b8b77ffdf6363f311,81f8a01a258c38d6782c13b2c6fc78e9f2cde782baa7926c346edbcd368a5bf4,2026-09-23T13:00:20Z,39.5,-107,-107,0.5,1.0338164251207729,39.5,0.4988480895503364,VALID,3,6.91683097230446,0.0,39.5,0.4942364359118773,0.5,0.4969383235252601,0.006123352949479904,0.4969383235252601,MODELED_DEVELOPMENT_MARGIN_SHADOW_ONLY,SHADOW_ELIGIBLE,PASS,EXPERIMENTAL_SHADOW_NO_STAKES;SHADOW_ELIGIBLE,local:challenger+the-odds-api,2026-09-23T13:00:24.484171Z,2026-09-23T13:00:20Z,1.1.0,ee5fc50320e6a8d31cc43b9d65490ff1be2272982d08aa21f8bced1576cebe82
8384232daad1f94112aae9b30a91d0c03b059a7040619e0e56f34b95259499da,1.1.2,6590a4bbb77802175afa4c406de831d596569cbf2e1f596de7df0910f43e8fd5,e51f21289a5f63ada7c1746ad6385412db3f6a4e7fc3ba4e33e43fbdb6e9bf14,241bade8665d15f1855e8ed5cb5a8f8bc3dbb5e66c87d76b45ab5d76f1caa9f7,c8df716c912e3f6e3b11d508f2988b51a9d4b5a7,d4b87e91-991a-4aa9-bfef-bc8de675e276,555afd4a27aaa392662881cffa8f2eef,2026_03_TEN_NYG,2026,3,2026-09-27T17:00:00Z,totals,OVER,2026-09-23T13:00:21.951453Z,2026-09-23T13:00:21.551276Z,2026-09-22T18:51:43.097248Z,bb86d96ac8c5a37027060695827d4ca64ef6cc1d2ef5b5808941c85556f173d5,5a5c72ce13aacf63e4656ba00c3f8bc65f3a088247c14704d59269b618578ff2,2026-09-23T13:00:20Z,39.5,-107,-107,0.5,1.0338164251207729,39.5,0.4988480895503364,VALID,3,0.7385693986349826,0.1161508759454473,39.585785482597956,0.4909947931229129,0.4948708359688912,0.4948708359688912,0.0,0.5051291640311089,UNAVAILABLE_FOR_BETTING,DIAGNOSTIC_EARLY_SNAPSHOT,PASS,MODEL_LOCKED_UNTESTED_2026;UNCERTAINTY_UNAVAILABLE_FOR_BETTING;DIAGNOSTIC_EARLY_SNAPSHOT,local:v11-prospective-observer,2026-09-23T13:00:21.951453Z,2026-09-23T13:00:20Z,1.1.0,c03e344fa3691ea23513dcbc8f58affd41b8ef8c9d22838d9928f153c1e07ffd
3d35050c15134dcee860521477aa5f818ba545d581bd8f31bbe6a823aeb42e06,challenger-0.2.0,5c8bf3ec348a261ab2c0ce94bd8cc315f754a8dc991c15c20d0d961d06997984,49fadb583b0dee0ba78c242826cb3e521cee0c4af2da837cfd5df18936598793,159ec87beb47e140832d992a80618f94b5cef5681c9d11c24e999ce1cad03b10,c8df716c912e3f6e3b11d508f2988b51a9d4b5a7,d4b87e91-991a-4aa9-bfef-bc8de675e276,9d2b09e0f9b6dd5ce0d985894f4f98fa,2026_03_ARI_SF,2026,3,2026-09-27T20:05:00Z,spreads,HOME,2026-09-23T13:00:24.484171Z,2026-09-23T13:00:21.551276Z,2026-09-22T18:51:43.097248Z,3ecdbfbaf3290a1d0f9b9aee517e61634d37a7bdde41367b8b77ffdf6363f311,a3481207cd069c63dcb4a0f19546abd2a1f65170673fb9f9e67376c2de870eab,2026-09-23T13:00:20Z,8.5,-106,-106,0.5,1.029126213592233,8.5,0.4982627807999706,VALID,3,-0.17076121557642665,0.0,8.5,0.4141422372169064,0.5,0.4987142995483188,0.002571400903362362,0.4987142995483188,MODELED_DEVELOPMENT_MARGIN_SHADOW_ONLY,SHADOW_ELIGIBLE,PASS,EXPERIMENTAL_SHADOW_NO_STAKES;SHADOW_ELIGIBLE,local:challenger+the-odds-api,2026-09-23T13:00:24.484171Z,2026-09-23T13:00:20Z,1.1.0,cf6445062d4472a4ff52e3ac9fcf6f3135d7957df06f301bd96bbd1435e0ef5c
ba1df9e1a8737a2c7f8336d5998d99b5ad6669765aa1c39436de81ce268e562d,1.1.2,6590a4bbb77802175afa4c406de831d596569cbf2e1f596de7df0910f43e8fd5,e51f21289a5f63ada7c1746ad6385412db3f6a4e7fc3ba4e33e43fbdb6e9bf14,241bade8665d15f1855e8ed5cb5a8f8bc3dbb5e66c87d76b45ab5d76f1caa9f7,c8df716c912e3f6e3b11d508f2988b51a9d4b5a7,d4b87e91-991a-4aa9-bfef-bc8de675e276,9d2b09e0f9b6dd5ce0d985894f4f98fa,2026_03_ARI_SF,2026,3,2026-09-27T20:05:00Z,spreads,HOME,2026-09-23T13:00:21.951453Z,2026-09-23T13:00:21.551276Z,2026-09-22T18:51:43.097248Z,bb86d96ac8c5a37027060695827d4ca64ef6cc1d2ef5b5808941c85556f173d5,70ef2cb424e2979617ffb160537b32f5103cffec0f0b849d866097e1f2d4acd0,2026-09-23T13:00:20Z,8.5,-106,-106,0.5,1.029126213592233,8.5,0.4982627807999706,VALID,3,0.27561622194040075,0.0,8.5,0.4132336553140684,0.4773248232889265,0.4763504232365733,0.0020413772860989666,0.5216081994773278,UNAVAILABLE_FOR_BETTING,DIAGNOSTIC_EARLY_SNAPSHOT,PASS,MODEL_LOCKED_UNTESTED_2026;UNCERTAINTY_UNAVAILABLE_FOR_BETTING;DIAGNOSTIC_EARLY_SNAPSHOT,local:v11-prospective-observer,2026-09-23T13:00:21.951453Z,2026-09-23T13:00:20Z,1.1.0,fd6cbecfdf4f1ef6c8ba99c776e477f79334efcc9e965f9db8922746420319c8
54e9da833ac187af3333f27cec7d599e15bb19f807d664f57107ec4d534e05ff,challenger-0.2.0,5c8bf3ec348a261ab2c0ce94bd8cc315f754a8dc991c15c20d0d961d06997984,49fadb583b0dee0ba78c242826cb3e521cee0c4af2da837cfd5df18936598793,159ec87beb47e140832d992a80618f94b5cef5681c9d11c24e999ce1cad03b10,c8df716c912e3f6e3b11d508f2988b51a9d4b5a7,d4b87e91-991a-4aa9-bfef-bc8de675e276,9d2b09e0f9b6dd5ce0d985894f4f98fa,2026_03_ARI_SF,2026,3,2026-09-27T20:05:00Z,totals,OVER,2026-09-23T13:00:24.484171Z,2026-09-23T13:00:21.551276Z,2026-09-22T18:51:43.097248Z,3ecdbfbaf3290a1d0f9b9aee517e61634d37a7bdde41367b8b77ffdf6363f311,a3481207cd069c63dcb4a0f19546abd2a1f65170673fb9f9e67376c2de870eab,2026-09-23T13:00:20Z,47.5,-114,100,0.5158371040723981,1.0327102803738317,47.56666666666666,,INCOMPARABLE_POINTS,3,-0.27319770733489435,0.0,47.5,0.4939350888735808,0.5158371040723981,0.5115652648906612,0.008281372448805752,0.480153362660533,MODELED_DEVELOPMENT_MARGIN_SHADOW_ONLY,SHADOW_ELIGIBLE,PASS,EXPERIMENTAL_SHADOW_NO_STAKES;SHADOW_ELIGIBLE,local:challenger+the-odds-api,2026-09-23T13:00:24.484171Z,2026-09-23T13:00:20Z,1.1.0,030006b00ee8e1d5a7914d58d241b93796ece0c5bffe05102e713a5fb590b9f0
afcbc8f6760f36a3e4c1d95fc6aa2cfaa80e9c58e0a12ec3989d052590df6a4c,1.1.2,6590a4bbb77802175afa4c406de831d596569cbf2e1f596de7df0910f43e8fd5,e51f21289a5f63ada7c1746ad6385412db3f6a4e7fc3ba4e33e43fbdb6e9bf14,241bade8665d15f1855e8ed5cb5a8f8bc3dbb5e66c87d76b45ab5d76f1caa9f7,c8df716c912e3f6e3b11d508f2988b51a9d4b5a7,d4b87e91-991a-4aa9-bfef-bc8de675e276,9d2b09e0f9b6dd5ce0d985894f4f98fa,2026_03_ARI_SF,2026,3,2026-09-27T20:05:00Z,totals,OVER,2026-09-23T13:00:21.951453Z,2026-09-23T13:00:21.551276Z,2026-09-22T18:51:43.097248Z,bb86d96ac8c5a37027060695827d4ca64ef6cc1d2ef5b5808941c85556f173d5,70ef2cb424e2979617ffb160537b32f5103cffec0f0b849d866097e1f2d4acd0,2026-09-23T13:00:20Z,47.5,-114,100,0.5158371040723981,1.0327102803738317,47.56666666666666,,INCOMPARABLE_POINTS,3,0.7323408428136413,0.1161508759454473,47.58506203038343,0.4923952144738917,0.4976326480647574,0.4976326480647574,0.0,0.5023673519352426,UNAVAILABLE_FOR_BETTING,DIAGNOSTIC_EARLY_SNAPSHOT,PASS,MODEL_LOCKED_UNTESTED_2026;UNCERTAINTY_UNAVAILABLE_FOR_BETTING;DIAGNOSTIC_EARLY_SNAPSHOT,local:v11-prospective-observer,2026-09-23T13:00:21.951453Z,2026-09-23T13:00:20Z,1.1.0,7b3bbd4ff22a72ecb28d23e6de2055dbb1614d4d2914150f6a91e1b698191158
60237bd9f27e67df44ddfbcd0edb0bec4089aa43824fa378b21270c7ee2c886d,challenger-0.2.0,5c8bf3ec348a261ab2c0ce94bd8cc315f754a8dc991c15c20d0d961d06997984,49fadb583b0dee0ba78c242826cb3e521cee0c4af2da837cfd5df18936598793,159ec87beb47e140832d992a80618f94b5cef5681c9d11c24e999ce1cad03b10,c8df716c912e3f6e3b11d508f2988b51a9d4b5a7,d4b87e91-991a-4aa9-bfef-bc8de675e276,f1724dead3eab61546033032fc782375,2026_03_MIN_TB,2026,3,2026-09-27T20:05:00Z,spreads,HOME,2026-09-23T13:00:24.484171Z,2026-09-23T13:00:21.551276Z,2026-09-22T18:51:43.097248Z,3ecdbfbaf3290a1d0f9b9aee517e61634d37a7bdde41367b8b77ffdf6363f311,6b8d295612dfbb4370177cfeecfe3f796b4f612907a36cead163024301fa0e1f,2026-09-23T13:00:20Z,-2.0,-116,103,0.5215734916275362,1.0296478744754607,-1.8,,INCOMPARABLE_POINTS,3,2.7767202392209844,0.0,-2.0,0.48689161885684834,0.5215734916275362,0.521271712747561,0.0005785932084729191,0.4781496940439661,MODELED_DEVELOPMENT_MARGIN_SHADOW_ONLY,SHADOW_ELIGIBLE,PASS,EXPERIMENTAL_SHADOW_NO_STAKES;SHADOW_ELIGIBLE,local:challenger+the-odds-api,2026-09-23T13:00:24.484171Z,2026-09-23T13:00:20Z,1.1.0,d065e0dacbf1941601e7d92e801f5c121b244bf2a14e5f7b91ff3d27b7de88cd
fd965fd8ac1c3170a4fd81ee23f2ecf40e1a2ade75f616fa536e6d76b6542453,1.1.2,6590a4bbb77802175afa4c406de831d596569cbf2e1f596de7df0910f43e8fd5,e51f21289a5f63ada7c1746ad6385412db3f6a4e7fc3ba4e33e43fbdb6e9bf14,241bade8665d15f1855e8ed5cb5a8f8bc3dbb5e66c87d76b45ab5d76f1caa9f7,c8df716c912e3f6e3b11d508f2988b51a9d4b5a7,d4b87e91-991a-4aa9-bfef-bc8de675e276,f1724dead3eab61546033032fc782375,2026_03_MIN_TB,2026,3,2026-09-27T20:05:00Z,spreads,HOME,2026-09-23T13:00:21.951453Z,2026-09-23T13:00:21.551276Z,2026-09-22T18:51:43.097248Z,bb86d96ac8c5a37027060695827d4ca64ef6cc1d2ef5b5808941c85556f173d5,8e55b5dc81703e904245969bfb9cbc82f9ec05de2bc55ecff2d6d5758e64a3ca,2026-09-23T13:00:20Z,-2.0,-116,103,0.5215734916275362,1.0296478744754607,-1.8,,INCOMPARABLE_POINTS,3,0.36487546258690884,0.0,-2.0,0.49228045165888856,0.4893212527975112,0.4888096735103024,0.001045487569330002,0.5101448389203675,UNAVAILABLE_FOR_BETTING,DIAGNOSTIC_EARLY_SNAPSHOT,PASS,MODEL_LOCKED_UNTESTED_2026;UNCERTAINTY_UNAVAILABLE_FOR_BETTING;DIAGNOSTIC_EARLY_SNAPSHOT,local:v11-prospective-observer,2026-09-23T13:00:21.951453Z,2026-09-23T13:00:20Z,1.1.0,2a1b3e6411f23cd2473573063d73d73f71b73a1e18d3f4a6d5dfe9ad11987268
24113dba602242891770e30dc7e865d2abcce50f4ad58d112fb30151741781f4,challenger-0.2.0,5c8bf3ec348a261ab2c0ce94bd8cc315f754a8dc991c15c20d0d961d06997984,49fadb583b0dee0ba78c242826cb3e521cee0c4af2da837cfd5df18936598793,159ec87beb47e140832d992a80618f94b5cef5681c9d11c24e999ce1cad03b10,c8df716c912e3f6e3b11d508f2988b51a9d4b5a7,d4b87e91-991a-4aa9-bfef-bc8de675e276,f1724dead3eab61546033032fc782375,2026_03_MIN_TB,2026,3,2026-09-27T20:05:00Z,totals,OVER,2026-09-23T13:00:24.484171Z,2026-09-23T13:00:21.551276Z,2026-09-22T18:51:43.097248Z,3ecdbfbaf3290a1d0f9b9aee517e61634d37a7bdde41367b8b77ffdf6363f311,6b8d295612dfbb4370177cfeecfe3f796b4f612907a36cead163024301fa0e1f,2026-09-23T13:00:20Z,43.0,103,-118,0.47646107444157887,1.0338952411081483,42.8,,INCOMPARABLE_POINTS,3,-3.424842560018938,0.0,43.0,0.4856689348927987,0.47646107444157887,0.4727874436277913,0.0077102433144053545,0.5195023130578033,MODELED_DEVELOPMENT_MARGIN_SHADOW_ONLY,SHADOW_ELIGIBLE,PASS,EXPERIMENTAL_SHADOW_NO_STAKES;SHADOW_ELIGIBLE,local:challenger+the-odds-api,2026-09-23T13:00:24.484171Z,2026-09-23T13:00:20Z,1.1.0,d1c88f275f628311dae19b5c8eaca7950470ad846b3f3ac57b2e9532e497304d
bb5af1626cbb97bc0f9e2d967bc096056b0c61f751d6c6c7458fc78e95a66c71,1.1.2,6590a4bbb77802175afa4c406de831d596569cbf2e1f596de7df0910f43e8fd5,e51f21289a5f63ada7c1746ad6385412db3f6a4e7fc3ba4e33e43fbdb6e9bf14,241bade8665d15f1855e8ed5cb5a8f8bc3dbb5e66c87d76b45ab5d76f1caa9f7,c8df716c912e3f6e3b11d508f2988b51a9d4b5a7,d4b87e91-991a-4aa9-bfef-bc8de675e276,f1724dead3eab61546033032fc782375,2026_03_MIN_TB,2026,3,2026-09-27T20:05:00Z,totals,OVER,2026-09-23T13:00:21.951453Z,2026-09-23T13:00:21.551276Z,2026-09-22T18:51:43.097248Z,bb86d96ac8c5a37027060695827d4ca64ef6cc1d2ef5b5808941c85556f173d5,8e55b5dc81703e904245969bfb9cbc82f9ec05de2bc55ecff2d6d5758e64a3ca,2026-09-23T13:00:20Z,43.0,103,-118,0.47646107444157887,1.0338952411081483,42.8,,INCOMPARABLE_POINTS,3,-0.8218477817108147,0.1161508759454473,42.90454166026046,0.4878606435003719,0.4886901988846397,0.4886901988846397,0.0,0.5113098011153603,UNAVAILABLE_FOR_BETTING,DIAGNOSTIC_EARLY_SNAPSHOT,PASS,MODEL_LOCKED_UNTESTED_2026;UNCERTAINTY_UNAVAILABLE_FOR_BETTING;DIAGNOSTIC_EARLY_SNAPSHOT,local:v11-prospective-observer,2026-09-23T13:00:21.951453Z,2026-09-23T13:00:20Z,1.1.0,4f8b904500422d2edc5011aeb28cf3a61954f27c54040f81642debbcb23c452a
3df2d9f136f04c55b061e58d691b242b62d99ec2d41f4a6fe93ccd5247565a15,1.1.2,6590a4bbb77802175afa4c406de831d596569cbf2e1f596de7df0910f43e8fd5,e51f21289a5f63ada7c1746ad6385412db3f6a4e7fc3ba4e33e43fbdb6e9bf14,241bade8665d15f1855e8ed5cb5a8f8bc3dbb5e66c87d76b45ab5d76f1caa9f7,c8df716c912e3f6e3b11d508f2988b51a9d4b5a7,d4b87e91-991a-4aa9-bfef-bc8de675e276,84cfca14efc21363fd605508404cf1ff,2026_03_BAL_DAL,2026,3,2026-09-27T20:25:00Z,spreads,HOME,2026-09-23T13:00:21.951453Z,2026-09-23T13:00:21.551276Z,2026-09-22T18:51:43.097248Z,bb86d96ac8c5a37027060695827d4ca64ef6cc1d2ef5b5808941c85556f173d5,6f53c6da66bd935bd61bc26ad38b65b3e9dfa67e528e5354adeda41ed2421ce5,2026-09-23T13:00:20Z,-3.0,111,-125,0.4603580562659846,1.0294892048446551,-3.2,,INCOMPARABLE_POINTS,3,-0.4779842705123097,0.0,-3.0,0.530372745231012,0.49504906812277805,0.4590133874766894,0.07279213913629948,0.46819447338701115,UNAVAILABLE_FOR_BETTING,DIAGNOSTIC_EARLY_SNAPSHOT,PASS,MODEL_LOCKED_UNTESTED_2026;UNCERTAINTY_UNAVAILABLE_FOR_BETTING;DIAGNOSTIC_EARLY_SNAPSHOT,local:v11-prospective-observer,2026-09-23T13:00:21.951453Z,2026-09-23T13:00:20Z,1.1.0,294a1f9261703f5e6df42e7ba04ff8dfb30e8a4c792b61cd77ad04487a7aa5cb
b519ea82d90153684c49cf42ec6c99aee58570f793e87c8b1b58a6fc16fe805b,challenger-0.2.0,5c8bf3ec348a261ab2c0ce94bd8cc315f754a8dc991c15c20d0d961d06997984,49fadb583b0dee0ba78c242826cb3e521cee0c4af2da837cfd5df18936598793,159ec87beb47e140832d992a80618f94b5cef5681c9d11c24e999ce1cad03b10,c8df716c912e3f6e3b11d508f2988b51a9d4b5a7,d4b87e91-991a-4aa9-bfef-bc8de675e276,84cfca14efc21363fd605508404cf1ff,2026_03_BAL_DAL,2026,3,2026-09-27T20:25:00Z,spreads,HOME,2026-09-23T13:00:24.484171Z,2026-09-23T13:00:21.551276Z,2026-09-22T18:51:43.097248Z,3ecdbfbaf3290a1d0f9b9aee517e61634d37a7bdde41367b8b77ffdf6363f311,,2026-09-23T13:00:20Z,-3.0,111,-125,0.4603580562659846,1.0294892048446551,-3.2,,INCOMPARABLE_POINTS,3,,,,,,,,,MODELED_DEVELOPMENT_MARGIN_SHADOW_ONLY,INELIGIBLE_FEATURES,PASS,EXPERIMENTAL_SHADOW_NO_STAKES;INELIGIBLE_FEATURES;Challenger pregame model features are incomplete,local:challenger+the-odds-api,2026-09-23T13:00:24.484171Z,2026-09-23T13:00:20Z,1.1.0,606722990da1822861b71843d0fc294a806a829176a894906057b47fec290000
0f209cc871e9f36ec5bf137f61eed19e58aa4854be29af3c05cc1f8d416a8667,1.1.2,6590a4bbb77802175afa4c406de831d596569cbf2e1f596de7df0910f43e8fd5,e51f21289a5f63ada7c1746ad6385412db3f6a4e7fc3ba4e33e43fbdb6e9bf14,241bade8665d15f1855e8ed5cb5a8f8bc3dbb5e66c87d76b45ab5d76f1caa9f7,c8df716c912e3f6e3b11d508f2988b51a9d4b5a7,d4b87e91-991a-4aa9-bfef-bc8de675e276,84cfca14efc21363fd605508404cf1ff,2026_03_BAL_DAL,2026,3,2026-09-27T20:25:00Z,totals,OVER,2026-09-23T13:00:21.951453Z,2026-09-23T13:00:21.551276Z,2026-09-22T18:51:43.097248Z,bb86d96ac8c5a37027060695827d4ca64ef6cc1d2ef5b5808941c85556f173d5,6f53c6da66bd935bd61bc26ad38b65b3e9dfa67e528e5354adeda41ed2421ce5,2026-09-23T13:00:20Z,53.0,-102,-113,0.4876548752020112,1.0354669269743875,52.8,,INCOMPARABLE_POINTS,3,0.8541453945645356,0.1161508759454473,53.09920973576344,0.4923952144738917,0.4976326480647574,0.4976326480647574,0.0,0.5023673519352426,UNAVAILABLE_FOR_BETTING,DIAGNOSTIC_EARLY_SNAPSHOT,PASS,MODEL_LOCKED_UNTESTED_2026;UNCERTAINTY_UNAVAILABLE_FOR_BETTING;DIAGNOSTIC_EARLY_SNAPSHOT,local:v11-prospective-observer,2026-09-23T13:00:21.951453Z,2026-09-23T13:00:20Z,1.1.0,9253e4534282138f3c77c6e4d46afee1c7bd9e6a5145f3436fbaf7356cdd6af4
5b125904ff8abd478ae5706e66af3048c3992d7edc5e5d810be062d485b3083f,challenger-0.2.0,5c8bf3ec348a261ab2c0ce94bd8cc315f754a8dc991c15c20d0d961d06997984,49fadb583b0dee0ba78c242826cb3e521cee0c4af2da837cfd5df18936598793,159ec87beb47e140832d992a80618f94b5cef5681c9d11c24e999ce1cad03b10,c8df716c912e3f6e3b11d508f2988b51a9d4b5a7,d4b87e91-991a-4aa9-bfef-bc8de675e276,84cfca14efc21363fd605508404cf1ff,2026_03_BAL_DAL,2026,3,2026-09-27T20:25:00Z,totals,OVER,2026-09-23T13:00:24.484171Z,2026-09-23T13:00:21.551276Z,2026-09-22T18:51:43.097248Z,3ecdbfbaf3290a1d0f9b9aee517e61634d37a7bdde41367b8b77ffdf6363f311,,2026-09-23T13:00:20Z,53.0,-102,-113,0.4876548752020112,1.0354669269743875,52.8,,INCOMPARABLE_POINTS,3,,,,,,,,,MODELED_DEVELOPMENT_MARGIN_SHADOW_ONLY,INELIGIBLE_FEATURES,PASS,EXPERIMENTAL_SHADOW_NO_STAKES;INELIGIBLE_FEATURES;Challenger pregame model features are incomplete,local:challenger+the-odds-api,2026-09-23T13:00:24.484171Z,2026-09-23T13:00:20Z,1.1.0,5e834a3af5e15c736ed5cc5c812624b78dfb0032593aca5a68f22690ad1347b7
8016de5a72ef979897ae05afa7749424a5c6fad55eedf6f822260cc08d963737,1.1.2,6590a4bbb77802175afa4c406de831d596569cbf2e1f596de7df0910f43e8fd5,e51f21289a5f63ada7c1746ad6385412db3f6a4e7fc3ba4e33e43fbdb6e9bf14,241bade8665d15f1855e8ed5cb5a8f8bc3dbb5e66c87d76b45ab5d76f1caa9f7,c8df716c912e3f6e3b11d508f2988b51a9d4b5a7,d4b87e91-991a-4aa9-bfef-bc8de675e276,2e523fcb0497aa689473e290eb2b97de,2026_03_LV_NO,2026,3,2026-09-27T20:25:00Z,spreads,HOME,2026-09-23T13:00:21.951453Z,2026-09-23T13:00:21.551276Z,2026-09-22T18:51:43.097248Z,bb86d96ac8c5a37027060695827d4ca64ef6cc1d2ef5b5808941c85556f173d5,41573faf0eec8c08f5351c66e0585e4afab3f5580b4fe471f1b7a0384a648910,2026-09-23T13:00:20Z,3.5,106,-120,0.4708904109589041,1.030891438658429,3.3000000000000003,,INCOMPARABLE_POINTS,3,-0.9245763683625148,0.0,3.5,0.40537743235493595,0.47610684423131405,0.4750513349321571,0.002216958886321089,0.5227317061815216,UNAVAILABLE_FOR_BETTING,DIAGNOSTIC_EARLY_SNAPSHOT,PASS,MODEL_LOCKED_UNTESTED_2026;UNCERTAINTY_UNAVAILABLE_FOR_BETTING;DIAGNOSTIC_EARLY_SNAPSHOT,local:v11-prospective-observer,2026-09-23T13:00:21.951453Z,2026-09-23T13:00:20Z,1.1.0,a3c9a1827b7401f3c9dcd7ba4146ba08830ee649b39ddc4de97c93f08838b722
da24861c996e0de5386a632ea0c77e01adb3fbed6966f70b4bfc6648479c6dbb,challenger-0.2.0,5c8bf3ec348a261ab2c0ce94bd8cc315f754a8dc991c15c20d0d961d06997984,49fadb583b0dee0ba78c242826cb3e521cee0c4af2da837cfd5df18936598793,159ec87beb47e140832d992a80618f94b5cef5681c9d11c24e999ce1cad03b10,c8df716c912e3f6e3b11d508f2988b51a9d4b5a7,d4b87e91-991a-4aa9-bfef-bc8de675e276,2e523fcb0497aa689473e290eb2b97de,2026_03_LV_NO,2026,3,2026-09-27T20:25:00Z,spreads,HOME,2026-09-23T13:00:24.484171Z,2026-09-23T13:00:21.551276Z,2026-09-22T18:51:43.097248Z,3ecdbfbaf3290a1d0f9b9aee517e61634d37a7bdde41367b8b77ffdf6363f311,b0db9f9ebd32507b8ddfdcaf1c5d0ae8d0a7f88495c8d6c9334399d93d6bcb5a,2026-09-23T13:00:20Z,3.5,106,-120,0.4708904109589041,1.030891438658429,3.3000000000000003,,INCOMPARABLE_POINTS,3,-1.7328274776414285,0.0,3.5,0.42262550074111466,0.4708904109589041,0.46964923340406367,0.002635809789188394,0.527714956806748,MODELED_DEVELOPMENT_MARGIN_SHADOW_ONLY,SHADOW_ELIGIBLE,PASS,EXPERIMENTAL_SHADOW_NO_STAKES;SHADOW_ELIGIBLE,local:challenger+the-odds-api,2026-09-23T13:00:24.484171Z,2026-09-23T13:00:20Z,1.1.0,3724582fc2ce7612dafd777644c8f20eff475721d04aeceb353af6c3f36fcb7e
2a4c72c5964b1ff741ecb31cfaf053aea7e78119c649f8bad89fb8ad8db7f49b,challenger-0.2.0,5c8bf3ec348a261ab2c0ce94bd8cc315f754a8dc991c15c20d0d961d06997984,49fadb583b0dee0ba78c242826cb3e521cee0c4af2da837cfd5df18936598793,159ec87beb47e140832d992a80618f94b5cef5681c9d11c24e999ce1cad03b10,c8df716c912e3f6e3b11d508f2988b51a9d4b5a7,d4b87e91-991a-4aa9-bfef-bc8de675e276,2e523fcb0497aa689473e290eb2b97de,2026_03_LV_NO,2026,3,2026-09-27T20:25:00Z,totals,OVER,2026-09-23T13:00:24.484171Z,2026-09-23T13:00:21.551276Z,2026-09-22T18:51:43.097248Z,3ecdbfbaf3290a1d0f9b9aee517e61634d37a7bdde41367b8b77ffdf6363f311,b0db9f9ebd32507b8ddfdcaf1c5d0ae8d0a7f88495c8d6c9334399d93d6bcb5a,2026-09-23T13:00:20Z,44.0,-106,-108,0.49774245981578474,1.0337938760268857,44.0,,INCOMPARABLE_POINTS,3,2.709007640007698,0.0,44.0,0.4856689348927987,0.49774245981578474,0.4939047443426944,0.0077102433144053545,0.4983850123429003,MODELED_DEVELOPMENT_MARGIN_SHADOW_ONLY,SHADOW_ELIGIBLE,PASS,EXPERIMENTAL_SHADOW_NO_STAKES;SHADOW_ELIGIBLE,local:challenger+the-odds-api,2026-09-23T13:00:24.484171Z,2026-09-23T13:00:20Z,1.1.0,b7c59d77b4e649dd641f839493045306905939713c1a8e52ed45d882572243b7
5705f4f09961ff372e84f9144ddf081734da9be15e717f26e271ac2d2d9fb9b4,1.1.2,6590a4bbb77802175afa4c406de831d596569cbf2e1f596de7df0910f43e8fd5,e51f21289a5f63ada7c1746ad6385412db3f6a4e7fc3ba4e33e43fbdb6e9bf14,241bade8665d15f1855e8ed5cb5a8f8bc3dbb5e66c87d76b45ab5d76f1caa9f7,c8df716c912e3f6e3b11d508f2988b51a9d4b5a7,d4b87e91-991a-4aa9-bfef-bc8de675e276,2e523fcb0497aa689473e290eb2b97de,2026_03_LV_NO,2026,3,2026-09-27T20:25:00Z,totals,OVER,2026-09-23T13:00:21.951453Z,2026-09-23T13:00:21.551276Z,2026-09-22T18:51:43.097248Z,bb86d96ac8c5a37027060695827d4ca64ef6cc1d2ef5b5808941c85556f173d5,41573faf0eec8c08f5351c66e0585e4afab3f5580b4fe471f1b7a0384a648910,2026-09-23T13:00:20Z,44.0,-106,-108,0.49774245981578474,1.0337938760268857,44.0,,INCOMPARABLE_POINTS,3,1.301619345320964,0.1161508759454473,44.15118422710657,0.4896643906596669,0.49224714001190667,0.49224714001190667,0.0,0.5077528599880934,UNAVAILABLE_FOR_BETTING,DIAGNOSTIC_EARLY_SNAPSHOT,PASS,MODEL_LOCKED_UNTESTED_2026;UNCERTAINTY_UNAVAILABLE_FOR_BETTING;DIAGNOSTIC_EARLY_SNAPSHOT,local:v11-prospective-observer,2026-09-23T13:00:21.951453Z,2026-09-23T13:00:20Z,1.1.0,f917c875d470004f4ca057c3f690e867304ecc1db1546d80be68e28c9c19d62f
68438538e396096ac40a546b49c5ea5e800d87c13a2219b100165ea59f35eb50,challenger-0.2.0,5c8bf3ec348a261ab2c0ce94bd8cc315f754a8dc991c15c20d0d961d06997984,49fadb583b0dee0ba78c242826cb3e521cee0c4af2da837cfd5df18936598793,159ec87beb47e140832d992a80618f94b5cef5681c9d11c24e999ce1cad03b10,c8df716c912e3f6e3b11d508f2988b51a9d4b5a7,d4b87e91-991a-4aa9-bfef-bc8de675e276,3bfd8bfb4b8e9a365a0877879b73b16b,2026_03_LA_DEN,2026,3,2026-09-28T00:20:00Z,spreads,HOME,2026-09-23T13:00:24.484171Z,2026-09-23T13:00:21.551276Z,2026-09-22T18:51:43.097248Z,3ecdbfbaf3290a1d0f9b9aee517e61634d37a7bdde41367b8b77ffdf6363f311,afaedc64040317ad2b0e6c32c8e4f2a93439a830befd8fb6222f2559ef86a3aa,2026-09-23T13:00:20Z,-2.5,100,-112,0.4862385321100918,1.0283018867924527,-2.5,0.48811136140331707,VALID,3,4.011525074902485,0.0,-2.5,0.48689161885684834,0.4862385321100918,0.4859571977977151,0.0005785932084729191,0.5134642089938121,MODELED_DEVELOPMENT_MARGIN_SHADOW_ONLY,SHADOW_ELIGIBLE,PASS,EXPERIMENTAL_SHADOW_NO_STAKES;SHADOW_ELIGIBLE,local:challenger+the-odds-api,2026-09-23T13:00:24.484171Z,2026-09-23T13:00:20Z,1.1.0,3785b255011b020b6baf5afcf55d658723df128df36bd1043bd8eecfb29dd62c
95efd4067e7f038e81ccc3b79bb07084c85ed777aa55416bcf26f7f04b917f70,1.1.2,6590a4bbb77802175afa4c406de831d596569cbf2e1f596de7df0910f43e8fd5,e51f21289a5f63ada7c1746ad6385412db3f6a4e7fc3ba4e33e43fbdb6e9bf14,241bade8665d15f1855e8ed5cb5a8f8bc3dbb5e66c87d76b45ab5d76f1caa9f7,c8df716c912e3f6e3b11d508f2988b51a9d4b5a7,d4b87e91-991a-4aa9-bfef-bc8de675e276,3bfd8bfb4b8e9a365a0877879b73b16b,2026_03_LA_DEN,2026,3,2026-09-28T00:20:00Z,spreads,HOME,2026-09-23T13:00:21.951453Z,2026-09-23T13:00:21.551276Z,2026-09-22T18:51:43.097248Z,bb86d96ac8c5a37027060695827d4ca64ef6cc1d2ef5b5808941c85556f173d5,0c3751a79313fefb00d8494e505b88d2560b70529c09ed5981239ab5afbd4ac3,2026-09-23T13:00:20Z,-2.5,100,-112,0.4862385321100918,1.0283018867924527,-2.5,0.48811136140331707,VALID,3,-0.1445286862855618,0.0,-2.5,0.49228045165888856,0.4893212527975112,0.4888096735103024,0.001045487569330002,0.5101448389203675,UNAVAILABLE_FOR_BETTING,DIAGNOSTIC_EARLY_SNAPSHOT,PASS,MODEL_LOCKED_UNTESTED_2026;UNCERTAINTY_UNAVAILABLE_FOR_BETTING;DIAGNOSTIC_EARLY_SNAPSHOT,local:v11-prospective-observer,2026-09-23T13:00:21.951453Z,2026-09-23T13:00:20Z,1.1.0,7aded7bc5eb247c7455b19b4be203650799a33bd49bee36c7d4e1792ee2db303
288b6f958f8360591686922609ba34f8b718d40304bab501845712e70b9ad202,1.1.2,6590a4bbb77802175afa4c406de831d596569cbf2e1f596de7df0910f43e8fd5,e51f21289a5f63ada7c1746ad6385412db3f6a4e7fc3ba4e33e43fbdb6e9bf14,241bade8665d15f1855e8ed5cb5a8f8bc3dbb5e66c87d76b45ab5d76f1caa9f7,c8df716c912e3f6e3b11d508f2988b51a9d4b5a7,d4b87e91-991a-4aa9-bfef-bc8de675e276,3bfd8bfb4b8e9a365a0877879b73b16b,2026_03_LA_DEN,2026,3,2026-09-28T00:20:00Z,totals,OVER,2026-09-23T13:00:21.951453Z,2026-09-23T13:00:21.551276Z,2026-09-22T18:51:43.097248Z,bb86d96ac8c5a37027060695827d4ca64ef6cc1d2ef5b5808941c85556f173d5,0c3751a79313fefb00d8494e505b88d2560b70529c09ed5981239ab5afbd4ac3,2026-09-23T13:00:20Z,45.5,-101,-113,0.48643331976665316,1.0330039941139373,45.43333333333334,,INCOMPARABLE_POINTS,3,0.8535240164704592,0.1161508759454473,45.59913756215352,0.4896643906596669,0.49224714001190667,0.49224714001190667,0.0,0.5077528599880934,UNAVAILABLE_FOR_BETTING,DIAGNOSTIC_EARLY_SNAPSHOT,PASS,MODEL_LOCKED_UNTESTED_2026;UNCERTAINTY_UNAVAILABLE_FOR_BETTING;DIAGNOSTIC_EARLY_SNAPSHOT,local:v11-prospective-observer,2026-09-23T13:00:21.951453Z,2026-09-23T13:00:20Z,1.1.0,3f9608a0a039ea6a7ed2e6c946eb82129120dbe93cbfa947cd8e66cdad3ce9f9
a1d661736378b43291dc72cee31a5dc8776f99fff6f99e4237edd5f0c9860298,challenger-0.2.0,5c8bf3ec348a261ab2c0ce94bd8cc315f754a8dc991c15c20d0d961d06997984,49fadb583b0dee0ba78c242826cb3e521cee0c4af2da837cfd5df18936598793,159ec87beb47e140832d992a80618f94b5cef5681c9d11c24e999ce1cad03b10,c8df716c912e3f6e3b11d508f2988b51a9d4b5a7,d4b87e91-991a-4aa9-bfef-bc8de675e276,3bfd8bfb4b8e9a365a0877879b73b16b,2026_03_LA_DEN,2026,3,2026-09-28T00:20:00Z,totals,OVER,2026-09-23T13:00:24.484171Z,2026-09-23T13:00:21.551276Z,2026-09-22T18:51:43.097248Z,3ecdbfbaf3290a1d0f9b9aee517e61634d37a7bdde41367b8b77ffdf6363f311,afaedc64040317ad2b0e6c32c8e4f2a93439a830befd8fb6222f2559ef86a3aa,2026-09-23T13:00:20Z,45.5,-101,-113,0.48643331976665316,1.0330039941139373,45.43333333333334,,INCOMPARABLE_POINTS,3,-3.176634656913535,0.0,45.5,0.4856689348927987,0.48643331976665316,0.4826828005150183,0.0077102433144053545,0.5096069561705763,MODELED_DEVELOPMENT_MARGIN_SHADOW_ONLY,SHADOW_ELIGIBLE,PASS,EXPERIMENTAL_SHADOW_NO_STAKES;SHADOW_ELIGIBLE,local:challenger+the-odds-api,2026-09-23T13:00:24.484171Z,2026-09-23T13:00:20Z,1.1.0,612fc48bd7a0cb8299e7789ba0bea32cd935d3d3dd3ef79d037bc0a6b505f9d6
77bfbe003509c603bc3edb4700444688b07e6606e4fcb25012307eec75256bfe,1.1.2,6590a4bbb77802175afa4c406de831d596569cbf2e1f596de7df0910f43e8fd5,e51f21289a5f63ada7c1746ad6385412db3f6a4e7fc3ba4e33e43fbdb6e9bf14,241bade8665d15f1855e8ed5cb5a8f8bc3dbb5e66c87d76b45ab5d76f1caa9f7,c8df716c912e3f6e3b11d508f2988b51a9d4b5a7,d4b87e91-991a-4aa9-bfef-bc8de675e276,47dc7baa254659f3beb2ed2b38c207b6,2026_03_PHI_CHI,2026,3,2026-09-29T00:15:00Z,spreads,HOME,2026-09-23T13:00:21.951453Z,2026-09-23T13:00:21.551276Z,2026-09-22T18:51:43.097248Z,bb86d96ac8c5a37027060695827d4ca64ef6cc1d2ef5b5808941c85556f173d5,f3e72246d4fc8bf48803904cfe742f0ae841bafa6972120cc207d6bc0743f5e0,2026-09-23T13:00:20Z,-4.5,100,-110,0.48837209302325585,1.0238095238095237,-4.5,0.48984147178907755,VALID,3,1.5855744871509452,0.0,-4.5,0.5723847356389261,0.5014327422075912,0.5003210864338616,0.002216958886321089,0.4974619546798172,UNAVAILABLE_FOR_BETTING,DIAGNOSTIC_EARLY_SNAPSHOT,PASS,MODEL_LOCKED_UNTESTED_2026;UNCERTAINTY_UNAVAILABLE_FOR_BETTING;DIAGNOSTIC_EARLY_SNAPSHOT,local:v11-prospective-observer,2026-09-23T13:00:21.951453Z,2026-09-23T13:00:20Z,1.1.0,1882c3f0b7d40b2f3c8d1ea3f2e3ebb2ca14734187a06e6f9ed953f72a179360
94c324a3cb3e9326490759e11afaf0edb7e3338b63e3c2cf15468fd2f90af007,challenger-0.2.0,5c8bf3ec348a261ab2c0ce94bd8cc315f754a8dc991c15c20d0d961d06997984,49fadb583b0dee0ba78c242826cb3e521cee0c4af2da837cfd5df18936598793,159ec87beb47e140832d992a80618f94b5cef5681c9d11c24e999ce1cad03b10,c8df716c912e3f6e3b11d508f2988b51a9d4b5a7,d4b87e91-991a-4aa9-bfef-bc8de675e276,47dc7baa254659f3beb2ed2b38c207b6,2026_03_PHI_CHI,2026,3,2026-09-29T00:15:00Z,spreads,HOME,2026-09-23T13:00:24.484171Z,2026-09-23T13:00:21.551276Z,2026-09-22T18:51:43.097248Z,3ecdbfbaf3290a1d0f9b9aee517e61634d37a7bdde41367b8b77ffdf6363f311,f7987d48ed6161603c7966ba3635f0afccc73b920fc6b0bd873fca1f31e545b8,2026-09-23T13:00:20Z,-4.5,100,-110,0.48837209302325585,1.0238095238095237,-4.5,0.48984147178907755,VALID,3,7.909162029431883,0.0,-4.5,0.5880380190023922,0.48837209302325585,0.4870848370796987,0.0026358097891883946,0.510279353131113,MODELED_DEVELOPMENT_MARGIN_SHADOW_ONLY,SHADOW_ELIGIBLE,PASS,EXPERIMENTAL_SHADOW_NO_STAKES;SHADOW_ELIGIBLE,local:challenger+the-odds-api,2026-09-23T13:00:24.484171Z,2026-09-23T13:00:20Z,1.1.0,1b2ccaedac52fde1b234386bc18c0890426294e6744477187bece090478d1fc5
da500b058270c8f160771fbd5fa097782cd357bdef45ac4cefc74719b1dc78e8,challenger-0.2.0,5c8bf3ec348a261ab2c0ce94bd8cc315f754a8dc991c15c20d0d961d06997984,49fadb583b0dee0ba78c242826cb3e521cee0c4af2da837cfd5df18936598793,159ec87beb47e140832d992a80618f94b5cef5681c9d11c24e999ce1cad03b10,c8df716c912e3f6e3b11d508f2988b51a9d4b5a7,d4b87e91-991a-4aa9-bfef-bc8de675e276,47dc7baa254659f3beb2ed2b38c207b6,2026_03_PHI_CHI,2026,3,2026-09-29T00:15:00Z,totals,OVER,2026-09-23T13:00:24.484171Z,2026-09-23T13:00:21.551276Z,2026-09-22T18:51:43.097248Z,3ecdbfbaf3290a1d0f9b9aee517e61634d37a7bdde41367b8b77ffdf6363f311,f7987d48ed6161603c7966ba3635f0afccc73b920fc6b0bd873fca1f31e545b8,2026-09-23T13:00:20Z,41.5,101,-114,0.4829173624588166,1.0302227181847772,41.5,0.48637902444246384,VALID,3,2.6363530147062235,0.0,41.5,0.4942364359118773,0.4829173624588166,0.4799602890030494,0.006123352949479904,0.5139163580474708,MODELED_DEVELOPMENT_MARGIN_SHADOW_ONLY,SHADOW_ELIGIBLE,PASS,EXPERIMENTAL_SHADOW_NO_STAKES;SHADOW_ELIGIBLE,local:challenger+the-odds-api,2026-09-23T13:00:24.484171Z,2026-09-23T13:00:20Z,1.1.0,2924f61a9d998e2b57e00b6881cbad695b5a3ff13e2622356b3e8cfe130905f3
e696b9b497e8563b785dff19e1c6ea715f514a88054d5354faca03a81d672ec6,1.1.2,6590a4bbb77802175afa4c406de831d596569cbf2e1f596de7df0910f43e8fd5,e51f21289a5f63ada7c1746ad6385412db3f6a4e7fc3ba4e33e43fbdb6e9bf14,241bade8665d15f1855e8ed5cb5a8f8bc3dbb5e66c87d76b45ab5d76f1caa9f7,c8df716c912e3f6e3b11d508f2988b51a9d4b5a7,d4b87e91-991a-4aa9-bfef-bc8de675e276,47dc7baa254659f3beb2ed2b38c207b6,2026_03_PHI_CHI,2026,3,2026-09-29T00:15:00Z,totals,OVER,2026-09-23T13:00:21.951453Z,2026-09-23T13:00:21.551276Z,2026-09-22T18:51:43.097248Z,bb86d96ac8c5a37027060695827d4ca64ef6cc1d2ef5b5808941c85556f173d5,f3e72246d4fc8bf48803904cfe742f0ae841bafa6972120cc207d6bc0743f5e0,2026-09-23T13:00:20Z,41.5,101,-114,0.4829173624588166,1.0302227181847772,41.5,0.48637902444246384,VALID,3,0.41161782593396784,0.1161508759454473,41.54780977103699,0.4900731706030376,0.4930532880428698,0.4930532880428698,0.0,0.5069467119571303,UNAVAILABLE_FOR_BETTING,DIAGNOSTIC_EARLY_SNAPSHOT,PASS,MODEL_LOCKED_UNTESTED_2026;UNCERTAINTY_UNAVAILABLE_FOR_BETTING;DIAGNOSTIC_EARLY_SNAPSHOT,local:v11-prospective-observer,2026-09-23T13:00:21.951453Z,2026-09-23T13:00:20Z,1.1.0,3d589b6c86acd6b9fc48a1609b902ee651c0a757401ccade701d8b9d31b1deed
86b3dacafdd127933272d615c623a70eb030087cd2377f2b245870f52596d5be,1.1.2,6590a4bbb77802175afa4c406de831d596569cbf2e1f596de7df0910f43e8fd5,e51f21289a5f63ada7c1746ad6385412db3f6a4e7fc3ba4e33e43fbdb6e9bf14,241bade8665d15f1855e8ed5cb5a8f8bc3dbb5e66c87d76b45ab5d76f1caa9f7,c8df716c912e3f6e3b11d508f2988b51a9d4b5a7,d4b87e91-991a-4aa9-bfef-bc8de675e276,d55cb69fed50a09170560b5b75d8de86,2026_04_PIT_CLE,2026,4,2026-10-02T00:15:00Z,spreads,HOME,2026-09-23T13:00:21.951453Z,2026-09-23T13:00:21.551276Z,2026-09-22T18:51:43.097248Z,bb86d96ac8c5a37027060695827d4ca64ef6cc1d2ef5b5808941c85556f173d5,,,,,,,,,,RETAIL_ONLY,2,,,,,,,,,UNAVAILABLE_FOR_BETTING,INELIGIBLE_PINNACLE_TWO_SIDED_CONTRACT_MISSING,PASS,MODEL_LOCKED_UNTESTED_2026;UNCERTAINTY_UNAVAILABLE_FOR_BETTING;INELIGIBLE_PINNACLE_TWO_SIDED_CONTRACT_MISSING;Feature store does not contain exactly two rows for the game,local:v11-prospective-observer,2026-09-23T13:00:21.951453Z,,1.1.0,39eff861269cd1e96f197f4e056cc815fd49454fda09ff40e5b01a4bbf218bc7
bac501c70f63606edf0c599eaa1fe8810a8cf75ca35e5f94765ec2c4d77da60f,challenger-0.2.0,5c8bf3ec348a261ab2c0ce94bd8cc315f754a8dc991c15c20d0d961d06997984,49fadb583b0dee0ba78c242826cb3e521cee0c4af2da837cfd5df18936598793,159ec87beb47e140832d992a80618f94b5cef5681c9d11c24e999ce1cad03b10,c8df716c912e3f6e3b11d508f2988b51a9d4b5a7,d4b87e91-991a-4aa9-bfef-bc8de675e276,d55cb69fed50a09170560b5b75d8de86,2026_04_PIT_CLE,2026,4,2026-10-02T00:15:00Z,spreads,HOME,2026-09-23T13:00:24.484171Z,2026-09-23T13:00:21.551276Z,2026-09-22T18:51:43.097248Z,3ecdbfbaf3290a1d0f9b9aee517e61634d37a7bdde41367b8b77ffdf6363f311,,,,,,,,,,RETAIL_ONLY,2,,,,,,,,,MODELED_DEVELOPMENT_MARGIN_SHADOW_ONLY,INELIGIBLE_PINNACLE_TWO_SIDED_CONTRACT_MISSING,PASS,EXPERIMENTAL_SHADOW_NO_STAKES;INELIGIBLE_PINNACLE_TWO_SIDED_CONTRACT_MISSING;Challenger feature/game rows are missing or duplicated,local:challenger+the-odds-api,2026-09-23T13:00:24.484171Z,,1.1.0,17f6ee5ec79f332ea109405fe5f073fe4848619fca20958a03a3bbd7c14f9dc4
3db629b2105fb97ac6a9bd1677de8e5ad23132e8c00103278261fc30c8a5627e,1.1.2,6590a4bbb77802175afa4c406de831d596569cbf2e1f596de7df0910f43e8fd5,e51f21289a5f63ada7c1746ad6385412db3f6a4e7fc3ba4e33e43fbdb6e9bf14,241bade8665d15f1855e8ed5cb5a8f8bc3dbb5e66c87d76b45ab5d76f1caa9f7,c8df716c912e3f6e3b11d508f2988b51a9d4b5a7,d4b87e91-991a-4aa9-bfef-bc8de675e276,d55cb69fed50a09170560b5b75d8de86,2026_04_PIT_CLE,2026,4,2026-10-02T00:15:00Z,totals,OVER,2026-09-23T13:00:21.951453Z,2026-09-23T13:00:21.551276Z,2026-09-22T18:51:43.097248Z,bb86d96ac8c5a37027060695827d4ca64ef6cc1d2ef5b5808941c85556f173d5,,,,,,,,,,RETAIL_ONLY,2,,,,,,,,,UNAVAILABLE_FOR_BETTING,INELIGIBLE_PINNACLE_TWO_SIDED_CONTRACT_MISSING,PASS,MODEL_LOCKED_UNTESTED_2026;UNCERTAINTY_UNAVAILABLE_FOR_BETTING;INELIGIBLE_PINNACLE_TWO_SIDED_CONTRACT_MISSING;Feature store does not contain exactly two rows for the game,local:v11-prospective-observer,2026-09-23T13:00:21.951453Z,,1.1.0,47307444a4b55bec5f8054828d4258e903d9821251f59f13f0c7db72dd35eaa2
64b02a6bf8a4c0eeaff456ed4a75fe1684ee819f6c1c8eace64f4fa3debdbbb1,challenger-0.2.0,5c8bf3ec348a261ab2c0ce94bd8cc315f754a8dc991c15c20d0d961d06997984,49fadb583b0dee0ba78c242826cb3e521cee0c4af2da837cfd5df18936598793,159ec87beb47e140832d992a80618f94b5cef5681c9d11c24e999ce1cad03b10,c8df716c912e3f6e3b11d508f2988b51a9d4b5a7,d4b87e91-991a-4aa9-bfef-bc8de675e276,d55cb69fed50a09170560b5b75d8de86,2026_04_PIT_CLE,2026,4,2026-10-02T00:15:00Z,totals,OVER,2026-09-23T13:00:24.484171Z,2026-09-23T13:00:21.551276Z,2026-09-22T18:51:43.097248Z,3ecdbfbaf3290a1d0f9b9aee517e61634d37a7bdde41367b8b77ffdf6363f311,,,,,,,,,,RETAIL_ONLY,2,,,,,,,,,MODELED_DEVELOPMENT_MARGIN_SHADOW_ONLY,INELIGIBLE_PINNACLE_TWO_SIDED_CONTRACT_MISSING,PASS,EXPERIMENTAL_SHADOW_NO_STAKES;INELIGIBLE_PINNACLE_TWO_SIDED_CONTRACT_MISSING;Challenger feature/game rows are missing or duplicated,local:challenger+the-odds-api,2026-09-23T13:00:24.484171Z,,1.1.0,566422876356ba7d56faa73159b320daa97e7a0bac99e75f2e7755d1f5fb7249
986b071abdea9ec05b38d18ce77ce53f8143bcfedc0fc30f9b3f12bf893a376a,1.1.2,6590a4bbb77802175afa4c406de831d596569cbf2e1f596de7df0910f43e8fd5,e51f21289a5f63ada7c1746ad6385412db3f6a4e7fc3ba4e33e43fbdb6e9bf14,241bade8665d15f1855e8ed5cb5a8f8bc3dbb5e66c87d76b45ab5d76f1caa9f7,c8df716c912e3f6e3b11d508f2988b51a9d4b5a7,d4b87e91-991a-4aa9-bfef-bc8de675e276,c9d8ed8aa4889486eaf10a630138ede0,2026_04_IND_WAS,2026,4,2026-10-04T13:30:00Z,spreads,HOME,2026-09-23T13:00:21.951453Z,2026-09-23T13:00:21.551276Z,2026-09-22T18:51:43.097248Z,bb86d96ac8c5a37027060695827d4ca64ef6cc1d2ef5b5808941c85556f173d5,,,,,,,,,,RETAIL_ONLY,2,,,,,,,,,UNAVAILABLE_FOR_BETTING,INELIGIBLE_PINNACLE_TWO_SIDED_CONTRACT_MISSING,PASS,MODEL_LOCKED_UNTESTED_2026;UNCERTAINTY_UNAVAILABLE_FOR_BETTING;INELIGIBLE_PINNACLE_TWO_SIDED_CONTRACT_MISSING;Feature store does not contain exactly two rows for the game,local:v11-prospective-observer,2026-09-23T13:00:21.951453Z,,1.1.0,c843df48daa492c31ea66485b015c909328138af7508e58c340ee2c5768ce4ba
ff1f218a55240b726fe8d45cc4be666e0bba842252cda90280425ee727704871,challenger-0.2.0,5c8bf3ec348a261ab2c0ce94bd8cc315f754a8dc991c15c20d0d961d06997984,49fadb583b0dee0ba78c242826cb3e521cee0c4af2da837cfd5df18936598793,159ec87beb47e140832d992a80618f94b5cef5681c9d11c24e999ce1cad03b10,c8df716c912e3f6e3b11d508f2988b51a9d4b5a7,d4b87e91-991a-4aa9-bfef-bc8de675e276,c9d8ed8aa4889486eaf10a630138ede0,2026_04_IND_WAS,2026,4,2026-10-04T13:30:00Z,spreads,HOME,2026-09-23T13:00:24.484171Z,2026-09-23T13:00:21.551276Z,2026-09-22T18:51:43.097248Z,3ecdbfbaf3290a1d0f9b9aee517e61634d37a7bdde41367b8b77ffdf6363f311,,,,,,,,,,RETAIL_ONLY,2,,,,,,,,,MODELED_DEVELOPMENT_MARGIN_SHADOW_ONLY,INELIGIBLE_PINNACLE_TWO_SIDED_CONTRACT_MISSING,PASS,EXPERIMENTAL_SHADOW_NO_STAKES;INELIGIBLE_PINNACLE_TWO_SIDED_CONTRACT_MISSING;Challenger feature/game rows are missing or duplicated,local:challenger+the-odds-api,2026-09-23T13:00:24.484171Z,,1.1.0,1611e345aaf79a7548a750104e4691fe5dc61dfd0fcbae8e3ebac566ad758793
c1a454e18702b8dadba33452a9d3bc556387458e81412172d36c07503cbdadf0,1.1.2,6590a4bbb77802175afa4c406de831d596569cbf2e1f596de7df0910f43e8fd5,e51f21289a5f63ada7c1746ad6385412db3f6a4e7fc3ba4e33e43fbdb6e9bf14,241bade8665d15f1855e8ed5cb5a8f8bc3dbb5e66c87d76b45ab5d76f1caa9f7,c8df716c912e3f6e3b11d508f2988b51a9d4b5a7,d4b87e91-991a-4aa9-bfef-bc8de675e276,c9d8ed8aa4889486eaf10a630138ede0,2026_04_IND_WAS,2026,4,2026-10-04T13:30:00Z,totals,OVER,2026-09-23T13:00:21.951453Z,2026-09-23T13:00:21.551276Z,2026-09-22T18:51:43.097248Z,bb86d96ac8c5a37027060695827d4ca64ef6cc1d2ef5b5808941c85556f173d5,,,,,,,,,,RETAIL_ONLY,2,,,,,,,,,UNAVAILABLE_FOR_BETTING,INELIGIBLE_PINNACLE_TWO_SIDED_CONTRACT_MISSING,PASS,MODEL_LOCKED_UNTESTED_2026;UNCERTAINTY_UNAVAILABLE_FOR_BETTING;INELIGIBLE_PINNACLE_TWO_SIDED_CONTRACT_MISSING;Feature store does not contain exactly two rows for the game,local:v11-prospective-observer,2026-09-23T13:00:21.951453Z,,1.1.0,c06b1539d8224016c7adaa2a81d2f9f0b0d24c4fc27c98611747fdac9d4def75
e9ad22a81a58e36fca898dcfa133b84437e5a2dbb6c326879a43d4523488e64a,challenger-0.2.0,5c8bf3ec348a261ab2c0ce94bd8cc315f754a8dc991c15c20d0d961d06997984,49fadb583b0dee0ba78c242826cb3e521cee0c4af2da837cfd5df18936598793,159ec87beb47e140832d992a80618f94b5cef5681c9d11c24e999ce1cad03b10,c8df716c912e3f6e3b11d508f2988b51a9d4b5a7,d4b87e91-991a-4aa9-bfef-bc8de675e276,c9d8ed8aa4889486eaf10a630138ede0,2026_04_IND_WAS,2026,4,2026-10-04T13:30:00Z,totals,OVER,2026-09-23T13:00:24.484171Z,2026-09-23T13:00:21.551276Z,2026-09-22T18:51:43.097248Z,3ecdbfbaf3290a1d0f9b9aee517e61634d37a7bdde41367b8b77ffdf6363f311,,,,,,,,,,RETAIL_ONLY,2,,,,,,,,,MODELED_DEVELOPMENT_MARGIN_SHADOW_ONLY,INELIGIBLE_PINNACLE_TWO_SIDED_CONTRACT_MISSING,PASS,EXPERIMENTAL_SHADOW_NO_STAKES;INELIGIBLE_PINNACLE_TWO_SIDED_CONTRACT_MISSING;Challenger feature/game rows are missing or duplicated,local:challenger+the-odds-api,2026-09-23T13:00:24.484171Z,,1.1.0,f923a5c8e0353010ac477708de0900dd1c1fed2846519c9f1881fc3d626b7ac4
992dd9cb997b767626815a2bd27c499fe3ab3337a7bed42550499697fdab1925,challenger-0.2.0,5c8bf3ec348a261ab2c0ce94bd8cc315f754a8dc991c15c20d0d961d06997984,49fadb583b0dee0ba78c242826cb3e521cee0c4af2da837cfd5df18936598793,159ec87beb47e140832d992a80618f94b5cef5681c9d11c24e999ce1cad03b10,c8df716c912e3f6e3b11d508f2988b51a9d4b5a7,d4b87e91-991a-4aa9-bfef-bc8de675e276,664e6bda5721dc63be16bcf7d962a436,2026_04_ARI_NYG,2026,4,2026-10-04T17:00:00Z,spreads,HOME,2026-09-23T13:00:24.484171Z,2026-09-23T13:00:21.551276Z,2026-09-22T18:51:43.097248Z,3ecdbfbaf3290a1d0f9b9aee517e61634d37a7bdde41367b8b77ffdf6363f311,,,,,,,,,,RETAIL_ONLY,2,,,,,,,,,MODELED_DEVELOPMENT_MARGIN_SHADOW_ONLY,INELIGIBLE_PINNACLE_TWO_SIDED_CONTRACT_MISSING,PASS,EXPERIMENTAL_SHADOW_NO_STAKES;INELIGIBLE_PINNACLE_TWO_SIDED_CONTRACT_MISSING;Challenger feature/game rows are missing or duplicated,local:challenger+the-odds-api,2026-09-23T13:00:24.484171Z,,1.1.0,972a48fb6a73f17f1e94caecd3df613fde2101e8ba54706bd6173d82471705ef
cc31c47e6bb231cd0de91d8aa4853fe6d44611cbec51769d141b86e655290eae,1.1.2,6590a4bbb77802175afa4c406de831d596569cbf2e1f596de7df0910f43e8fd5,e51f21289a5f63ada7c1746ad6385412db3f6a4e7fc3ba4e33e43fbdb6e9bf14,241bade8665d15f1855e8ed5cb5a8f8bc3dbb5e66c87d76b45ab5d76f1caa9f7,c8df716c912e3f6e3b11d508f2988b51a9d4b5a7,d4b87e91-991a-4aa9-bfef-bc8de675e276,664e6bda5721dc63be16bcf7d962a436,2026_04_ARI_NYG,2026,4,2026-10-04T17:00:00Z,spreads,HOME,2026-09-23T13:00:21.951453Z,2026-09-23T13:00:21.551276Z,2026-09-22T18:51:43.097248Z,bb86d96ac8c5a37027060695827d4ca64ef6cc1d2ef5b5808941c85556f173d5,,,,,,,,,,RETAIL_ONLY,2,,,,,,,,,UNAVAILABLE_FOR_BETTING,INELIGIBLE_PINNACLE_TWO_SIDED_CONTRACT_MISSING,PASS,MODEL_LOCKED_UNTESTED_2026;UNCERTAINTY_UNAVAILABLE_FOR_BETTING;INELIGIBLE_PINNACLE_TWO_SIDED_CONTRACT_MISSING;Feature store does not contain exactly two rows for the game,local:v11-prospective-observer,2026-09-23T13:00:21.951453Z,,1.1.0,b7c038fd0d2187300f486c6a2e04f115f84681957925b90b945c9b84cc09195b
282d87598d49666b347550243576931e76b340b01fa9f1dc5321c270b569b439,challenger-0.2.0,5c8bf3ec348a261ab2c0ce94bd8cc315f754a8dc991c15c20d0d961d06997984,49fadb583b0dee0ba78c242826cb3e521cee0c4af2da837cfd5df18936598793,159ec87beb47e140832d992a80618f94b5cef5681c9d11c24e999ce1cad03b10,c8df716c912e3f6e3b11d508f2988b51a9d4b5a7,d4b87e91-991a-4aa9-bfef-bc8de675e276,664e6bda5721dc63be16bcf7d962a436,2026_04_ARI_NYG,2026,4,2026-10-04T17:00:00Z,totals,OVER,2026-09-23T13:00:24.484171Z,2026-09-23T13:00:21.551276Z,2026-09-22T18:51:43.097248Z,3ecdbfbaf3290a1d0f9b9aee517e61634d37a7bdde41367b8b77ffdf6363f311,,,,,,,,,,RETAIL_ONLY,2,,,,,,,,,MODELED_DEVELOPMENT_MARGIN_SHADOW_ONLY,INELIGIBLE_PINNACLE_TWO_SIDED_CONTRACT_MISSING,PASS,EXPERIMENTAL_SHADOW_NO_STAKES;INELIGIBLE_PINNACLE_TWO_SIDED_CONTRACT_MISSING;Challenger feature/game rows are missing or duplicated,local:challenger+the-odds-api,2026-09-23T13:00:24.484171Z,,1.1.0,844425e09935e3912b81be68daa1b1eb050dc3a05448eeaab4dcb594b76dea57
bfb422769b66b51882675bb569bc2d567b06a25b9bdbcf6c12571e448446ff91,1.1.2,6590a4bbb77802175afa4c406de831d596569cbf2e1f596de7df0910f43e8fd5,e51f21289a5f63ada7c1746ad6385412db3f6a4e7fc3ba4e33e43fbdb6e9bf14,241bade8665d15f1855e8ed5cb5a8f8bc3dbb5e66c87d76b45ab5d76f1caa9f7,c8df716c912e3f6e3b11d508f2988b51a9d4b5a7,d4b87e91-991a-4aa9-bfef-bc8de675e276,664e6bda5721dc63be16bcf7d962a436,2026_04_ARI_NYG,2026,4,2026-10-04T17:00:00Z,totals,OVER,2026-09-23T13:00:21.951453Z,2026-09-23T13:00:21.551276Z,2026-09-22T18:51:43.097248Z,bb86d96ac8c5a37027060695827d4ca64ef6cc1d2ef5b5808941c85556f173d5,,,,,,,,,,RETAIL_ONLY,2,,,,,,,,,UNAVAILABLE_FOR_BETTING,INELIGIBLE_PINNACLE_TWO_SIDED_CONTRACT_MISSING,PASS,MODEL_LOCKED_UNTESTED_2026;UNCERTAINTY_UNAVAILABLE_FOR_BETTING;INELIGIBLE_PINNACLE_TWO_SIDED_CONTRACT_MISSING;Feature store does not contain exactly two rows for the game,local:v11-prospective-observer,2026-09-23T13:00:21.951453Z,,1.1.0,e5ef0327cf9dd2a6eb7ed70fe2512fa581b2356d8bf8b29cfc0404a788b964d1
5f8ea524ac4e185261ace3c3226818a1ecf8997967810fc5e2e9dc8359e68ec7,1.1.2,6590a4bbb77802175afa4c406de831d596569cbf2e1f596de7df0910f43e8fd5,e51f21289a5f63ada7c1746ad6385412db3f6a4e7fc3ba4e33e43fbdb6e9bf14,241bade8665d15f1855e8ed5cb5a8f8bc3dbb5e66c87d76b45ab5d76f1caa9f7,c8df716c912e3f6e3b11d508f2988b51a9d4b5a7,d4b87e91-991a-4aa9-bfef-bc8de675e276,daf55e2df5341c007fee5a0fc5bbc2d4,2026_04_DAL_HOU,2026,4,2026-10-04T17:00:00Z,spreads,HOME,2026-09-23T13:00:21.951453Z,2026-09-23T13:00:21.551276Z,2026-09-22T18:51:43.097248Z,bb86d96ac8c5a37027060695827d4ca64ef6cc1d2ef5b5808941c85556f173d5,,,,,,,,,,RETAIL_ONLY,2,,,,,,,,,UNAVAILABLE_FOR_BETTING,INELIGIBLE_PINNACLE_TWO_SIDED_CONTRACT_MISSING,PASS,MODEL_LOCKED_UNTESTED_2026;UNCERTAINTY_UNAVAILABLE_FOR_BETTING;INELIGIBLE_PINNACLE_TWO_SIDED_CONTRACT_MISSING;Feature store does not contain exactly two rows for the game,local:v11-prospective-observer,2026-09-23T13:00:21.951453Z,,1.1.0,c86a6cdf2e53938a68c753d3b0d5260dc0d985968fd7adb8eb0d0f0f647fe756
66f2368c864827f95147df2ec82b72d806d1cf442214d082b39171c59188b06e,challenger-0.2.0,5c8bf3ec348a261ab2c0ce94bd8cc315f754a8dc991c15c20d0d961d06997984,49fadb583b0dee0ba78c242826cb3e521cee0c4af2da837cfd5df18936598793,159ec87beb47e140832d992a80618f94b5cef5681c9d11c24e999ce1cad03b10,c8df716c912e3f6e3b11d508f2988b51a9d4b5a7,d4b87e91-991a-4aa9-bfef-bc8de675e276,daf55e2df5341c007fee5a0fc5bbc2d4,2026_04_DAL_HOU,2026,4,2026-10-04T17:00:00Z,spreads,HOME,2026-09-23T13:00:24.484171Z,2026-09-23T13:00:21.551276Z,2026-09-22T18:51:43.097248Z,3ecdbfbaf3290a1d0f9b9aee517e61634d37a7bdde41367b8b77ffdf6363f311,,,,,,,,,,RETAIL_ONLY,2,,,,,,,,,MODELED_DEVELOPMENT_MARGIN_SHADOW_ONLY,INELIGIBLE_PINNACLE_TWO_SIDED_CONTRACT_MISSING,PASS,EXPERIMENTAL_SHADOW_NO_STAKES;INELIGIBLE_PINNACLE_TWO_SIDED_CONTRACT_MISSING;Challenger feature/game rows are missing or duplicated,local:challenger+the-odds-api,2026-09-23T13:00:24.484171Z,,1.1.0,ef44d51177a4d2270a77c2ca71d87f2b8ce5d6e5d82a9e6c9a952c9d02064a5c
8871a6c406a8b25f5eac0350e5af4b73ac459f0197d554772dc5068924658bff,1.1.2,6590a4bbb77802175afa4c406de831d596569cbf2e1f596de7df0910f43e8fd5,e51f21289a5f63ada7c1746ad6385412db3f6a4e7fc3ba4e33e43fbdb6e9bf14,241bade8665d15f1855e8ed5cb5a8f8bc3dbb5e66c87d76b45ab5d76f1caa9f7,c8df716c912e3f6e3b11d508f2988b51a9d4b5a7,d4b87e91-991a-4aa9-bfef-bc8de675e276,daf55e2df5341c007fee5a0fc5bbc2d4,2026_04_DAL_HOU,2026,4,2026-10-04T17:00:00Z,totals,OVER,2026-09-23T13:00:21.951453Z,2026-09-23T13:00:21.551276Z,2026-09-22T18:51:43.097248Z,bb86d96ac8c5a37027060695827d4ca64ef6cc1d2ef5b5808941c85556f173d5,,,,,,,,,,RETAIL_ONLY,2,,,,,,,,,UNAVAILABLE_FOR_BETTING,INELIGIBLE_PINNACLE_TWO_SIDED_CONTRACT_MISSING,PASS,MODEL_LOCKED_UNTESTED_2026;UNCERTAINTY_UNAVAILABLE_FOR_BETTING;INELIGIBLE_PINNACLE_TWO_SIDED_CONTRACT_MISSING;Feature store does not contain exactly two rows for the game,local:v11-prospective-observer,2026-09-23T13:00:21.951453Z,,1.1.0,ae0ad53cdbe8bd9075a95ba505601a179e5920a686ff82d366665925694fadd3
a7852ef716766153cbc57fb0782755e051b488a04cd194ae2c35db46439a9b4a,challenger-0.2.0,5c8bf3ec348a261ab2c0ce94bd8cc315f754a8dc991c15c20d0d961d06997984,49fadb583b0dee0ba78c242826cb3e521cee0c4af2da837cfd5df18936598793,159ec87beb47e140832d992a80618f94b5cef5681c9d11c24e999ce1cad03b10,c8df716c912e3f6e3b11d508f2988b51a9d4b5a7,d4b87e91-991a-4aa9-bfef-bc8de675e276,daf55e2df5341c007fee5a0fc5bbc2d4,2026_04_DAL_HOU,2026,4,2026-10-04T17:00:00Z,totals,OVER,2026-09-23T13:00:24.484171Z,2026-09-23T13:00:21.551276Z,2026-09-22T18:51:43.097248Z,3ecdbfbaf3290a1d0f9b9aee517e61634d37a7bdde41367b8b77ffdf6363f311,,,,,,,,,,RETAIL_ONLY,2,,,,,,,,,MODELED_DEVELOPMENT_MARGIN_SHADOW_ONLY,INELIGIBLE_PINNACLE_TWO_SIDED_CONTRACT_MISSING,PASS,EXPERIMENTAL_SHADOW_NO_STAKES;INELIGIBLE_PINNACLE_TWO_SIDED_CONTRACT_MISSING;Challenger feature/game rows are missing or duplicated,local:challenger+the-odds-api,2026-09-23T13:00:24.484171Z,,1.1.0,75175d68b79723b56f897a421ab279b7b3be4d5a24d43378ab062cbb6fc5df85
b68c5b8bf2961dbe80c285c5a38553c3a21f05f82e6ffc98c4e7a917ae7f03d0,challenger-0.2.0,5c8bf3ec348a261ab2c0ce94bd8cc315f754a8dc991c15c20d0d961d06997984,49fadb583b0dee0ba78c242826cb3e521cee0c4af2da837cfd5df18936598793,159ec87beb47e140832d992a80618f94b5cef5681c9d11c24e999ce1cad03b10,c8df716c912e3f6e3b11d508f2988b51a9d4b5a7,d4b87e91-991a-4aa9-bfef-bc8de675e276,99a9bae4dc0dc2590496bd3102b211f2,2026_04_GB_TB,2026,4,2026-10-04T17:00:00Z,spreads,HOME,2026-09-23T13:00:24.484171Z,2026-09-23T13:00:21.551276Z,2026-09-22T18:51:43.097248Z,3ecdbfbaf3290a1d0f9b9aee517e61634d37a7bdde41367b8b77ffdf6363f311,,,,,,,,,,RETAIL_ONLY,2,,,,,,,,,MODELED_DEVELOPMENT_MARGIN_SHADOW_ONLY,INELIGIBLE_PINNACLE_TWO_SIDED_CONTRACT_MISSING,PASS,EXPERIMENTAL_SHADOW_NO_STAKES;INELIGIBLE_PINNACLE_TWO_SIDED_CONTRACT_MISSING;Challenger feature/game rows are missing or duplicated,local:challenger+the-odds-api,2026-09-23T13:00:24.484171Z,,1.1.0,442a6b2383a6c0fb342b21fce68944b8b4a76d83be0e74b0ce1e392653288dbe
ff07a154f3ed933715b1dcf771d820afe1db8fd0a2f4445bd4b3d338a4182448,1.1.2,6590a4bbb77802175afa4c406de831d596569cbf2e1f596de7df0910f43e8fd5,e51f21289a5f63ada7c1746ad6385412db3f6a4e7fc3ba4e33e43fbdb6e9bf14,241bade8665d15f1855e8ed5cb5a8f8bc3dbb5e66c87d76b45ab5d76f1caa9f7,c8df716c912e3f6e3b11d508f2988b51a9d4b5a7,d4b87e91-991a-4aa9-bfef-bc8de675e276,99a9bae4dc0dc2590496bd3102b211f2,2026_04_GB_TB,2026,4,2026-10-04T17:00:00Z,spreads,HOME,2026-09-23T13:00:21.951453Z,2026-09-23T13:00:21.551276Z,2026-09-22T18:51:43.097248Z,bb86d96ac8c5a37027060695827d4ca64ef6cc1d2ef5b5808941c85556f173d5,,,,,,,,,,RETAIL_ONLY,2,,,,,,,,,UNAVAILABLE_FOR_BETTING,INELIGIBLE_PINNACLE_TWO_SIDED_CONTRACT_MISSING,PASS,MODEL_LOCKED_UNTESTED_2026;UNCERTAINTY_UNAVAILABLE_FOR_BETTING;INELIGIBLE_PINNACLE_TWO_SIDED_CONTRACT_MISSING;Feature store does not contain exactly two rows for the game,local:v11-prospective-observer,2026-09-23T13:00:21.951453Z,,1.1.0,259b467df69515295ff89429ae2dbbcdf92370c61944d3e46cddcc56ee5b8156
1ec338405d2427530d0633c43b1663bdc8888accfdf7f6f325b7473118b84670,challenger-0.2.0,5c8bf3ec348a261ab2c0ce94bd8cc315f754a8dc991c15c20d0d961d06997984,49fadb583b0dee0ba78c242826cb3e521cee0c4af2da837cfd5df18936598793,159ec87beb47e140832d992a80618f94b5cef5681c9d11c24e999ce1cad03b10,c8df716c912e3f6e3b11d508f2988b51a9d4b5a7,d4b87e91-991a-4aa9-bfef-bc8de675e276,99a9bae4dc0dc2590496bd3102b211f2,2026_04_GB_TB,2026,4,2026-10-04T17:00:00Z,totals,OVER,2026-09-23T13:00:24.484171Z,2026-09-23T13:00:21.551276Z,2026-09-22T18:51:43.097248Z,3ecdbfbaf3290a1d0f9b9aee517e61634d37a7bdde41367b8b77ffdf6363f311,,,,,,,,,,RETAIL_ONLY,2,,,,,,,,,MODELED_DEVELOPMENT_MARGIN_SHADOW_ONLY,INELIGIBLE_PINNACLE_TWO_SIDED_CONTRACT_MISSING,PASS,EXPERIMENTAL_SHADOW_NO_STAKES;INELIGIBLE_PINNACLE_TWO_SIDED_CONTRACT_MISSING;Challenger feature/game rows are missing or duplicated,local:challenger+the-odds-api,2026-09-23T13:00:24.484171Z,,1.1.0,fbf957632983712f79f6f5e4243606da16f295021488d32fe1fd54565a973f18
f95f8314b00666deae94278ab1053a37368a1dc72d65e4e23daaa4fc45a1304a,1.1.2,6590a4bbb77802175afa4c406de831d596569cbf2e1f596de7df0910f43e8fd5,e51f21289a5f63ada7c1746ad6385412db3f6a4e7fc3ba4e33e43fbdb6e9bf14,241bade8665d15f1855e8ed5cb5a8f8bc3dbb5e66c87d76b45ab5d76f1caa9f7,c8df716c912e3f6e3b11d508f2988b51a9d4b5a7,d4b87e91-991a-4aa9-bfef-bc8de675e276,99a9bae4dc0dc2590496bd3102b211f2,2026_04_GB_TB,2026,4,2026-10-04T17:00:00Z,totals,OVER,2026-09-23T13:00:21.951453Z,2026-09-23T13:00:21.551276Z,2026-09-22T18:51:43.097248Z,bb86d96ac8c5a37027060695827d4ca64ef6cc1d2ef5b5808941c85556f173d5,,,,,,,,,,RETAIL_ONLY,2,,,,,,,,,UNAVAILABLE_FOR_BETTING,INELIGIBLE_PINNACLE_TWO_SIDED_CONTRACT_MISSING,PASS,MODEL_LOCKED_UNTESTED_2026;UNCERTAINTY_UNAVAILABLE_FOR_BETTING;INELIGIBLE_PINNACLE_TWO_SIDED_CONTRACT_MISSING;Feature store does not contain exactly two rows for the game,local:v11-prospective-observer,2026-09-23T13:00:21.951453Z,,1.1.0,5ae551368a3aae50f7bc40fc23a6f959b4a3df1f61719cd1da00a01632f1f8f0
5ffb77e88165b756203fd28accb4c520e1fdcd3080f2ddf9158a11f55ea838e7,challenger-0.2.0,5c8bf3ec348a261ab2c0ce94bd8cc315f754a8dc991c15c20d0d961d06997984,49fadb583b0dee0ba78c242826cb3e521cee0c4af2da837cfd5df18936598793,159ec87beb47e140832d992a80618f94b5cef5681c9d11c24e999ce1cad03b10,c8df716c912e3f6e3b11d508f2988b51a9d4b5a7,d4b87e91-991a-4aa9-bfef-bc8de675e276,2ea94ddf20f66432b9024fe2e2eaba5f,2026_04_JAX_CIN,2026,4,2026-10-04T17:00:00Z,spreads,HOME,2026-09-23T13:00:24.484171Z,2026-09-23T13:00:21.551276Z,2026-09-22T18:51:43.097248Z,3ecdbfbaf3290a1d0f9b9aee517e61634d37a7bdde41367b8b77ffdf6363f311,,,,,,,,,,RETAIL_ONLY,2,,,,,,,,,MODELED_DEVELOPMENT_MARGIN_SHADOW_ONLY,INELIGIBLE_PINNACLE_TWO_SIDED_CONTRACT_MISSING,PASS,EXPERIMENTAL_SHADOW_NO_STAKES;INELIGIBLE_PINNACLE_TWO_SIDED_CONTRACT_MISSING;Challenger feature/game rows are missing or duplicated,local:challenger+the-odds-api,2026-09-23T13:00:24.484171Z,,1.1.0,b810e135f2d3b1f3a9005b3bd0489b95ccf2910f07639b5f934dcc62b91dc97a
e895a8ba7f0aae7bc7db8e27d46178477bca23cc916258f8f8d262b0c1a81a91,1.1.2,6590a4bbb77802175afa4c406de831d596569cbf2e1f596de7df0910f43e8fd5,e51f21289a5f63ada7c1746ad6385412db3f6a4e7fc3ba4e33e43fbdb6e9bf14,241bade8665d15f1855e8ed5cb5a8f8bc3dbb5e66c87d76b45ab5d76f1caa9f7,c8df716c912e3f6e3b11d508f2988b51a9d4b5a7,d4b87e91-991a-4aa9-bfef-bc8de675e276,2ea94ddf20f66432b9024fe2e2eaba5f,2026_04_JAX_CIN,2026,4,2026-10-04T17:00:00Z,spreads,HOME,2026-09-23T13:00:21.951453Z,2026-09-23T13:00:21.551276Z,2026-09-22T18:51:43.097248Z,bb86d96ac8c5a37027060695827d4ca64ef6cc1d2ef5b5808941c85556f173d5,,,,,,,,,,RETAIL_ONLY,2,,,,,,,,,UNAVAILABLE_FOR_BETTING,INELIGIBLE_PINNACLE_TWO_SIDED_CONTRACT_MISSING,PASS,MODEL_LOCKED_UNTESTED_2026;UNCERTAINTY_UNAVAILABLE_FOR_BETTING;INELIGIBLE_PINNACLE_TWO_SIDED_CONTRACT_MISSING;Feature store does not contain exactly two rows for the game,local:v11-prospective-observer,2026-09-23T13:00:21.951453Z,,1.1.0,d5fe1813c300b147c38bfad041a300f5138f8d469f7bbafba263c5d4b5be16d5
056e98d345b938be590236b638fea5b2c4a959f127769a2dcc5f9df73cb41f1e,challenger-0.2.0,5c8bf3ec348a261ab2c0ce94bd8cc315f754a8dc991c15c20d0d961d06997984,49fadb583b0dee0ba78c242826cb3e521cee0c4af2da837cfd5df18936598793,159ec87beb47e140832d992a80618f94b5cef5681c9d11c24e999ce1cad03b10,c8df716c912e3f6e3b11d508f2988b51a9d4b5a7,d4b87e91-991a-4aa9-bfef-bc8de675e276,2ea94ddf20f66432b9024fe2e2eaba5f,2026_04_JAX_CIN,2026,4,2026-10-04T17:00:00Z,totals,OVER,2026-09-23T13:00:24.484171Z,2026-09-23T13:00:21.551276Z,2026-09-22T18:51:43.097248Z,3ecdbfbaf3290a1d0f9b9aee517e61634d37a7bdde41367b8b77ffdf6363f311,,,,,,,,,,RETAIL_ONLY,2,,,,,,,,,MODELED_DEVELOPMENT_MARGIN_SHADOW_ONLY,INELIGIBLE_PINNACLE_TWO_SIDED_CONTRACT_MISSING,PASS,EXPERIMENTAL_SHADOW_NO_STAKES;INELIGIBLE_PINNACLE_TWO_SIDED_CONTRACT_MISSING;Challenger feature/game rows are missing or duplicated,local:challenger+the-odds-api,2026-09-23T13:00:24.484171Z,,1.1.0,b0b6e9b6b9f2dd710f93a3d3991e869a2316bdcd3c7c66c60f5964569a525c00
9e68674e5769c8445028917ce53efc13982ea0ce1aa8889c9d78c1f0b9e9ca3e,1.1.2,6590a4bbb77802175afa4c406de831d596569cbf2e1f596de7df0910f43e8fd5,e51f21289a5f63ada7c1746ad6385412db3f6a4e7fc3ba4e33e43fbdb6e9bf14,241bade8665d15f1855e8ed5cb5a8f8bc3dbb5e66c87d76b45ab5d76f1caa9f7,c8df716c912e3f6e3b11d508f2988b51a9d4b5a7,d4b87e91-991a-4aa9-bfef-bc8de675e276,2ea94ddf20f66432b9024fe2e2eaba5f,2026_04_JAX_CIN,2026,4,2026-10-04T17:00:00Z,totals,OVER,2026-09-23T13:00:21.951453Z,2026-09-23T13:00:21.551276Z,2026-09-22T18:51:43.097248Z,bb86d96ac8c5a37027060695827d4ca64ef6cc1d2ef5b5808941c85556f173d5,,,,,,,,,,RETAIL_ONLY,2,,,,,,,,,UNAVAILABLE_FOR_BETTING,INELIGIBLE_PINNACLE_TWO_SIDED_CONTRACT_MISSING,PASS,MODEL_LOCKED_UNTESTED_2026;UNCERTAINTY_UNAVAILABLE_FOR_BETTING;INELIGIBLE_PINNACLE_TWO_SIDED_CONTRACT_MISSING;Feature store does not contain exactly two rows for the game,local:v11-prospective-observer,2026-09-23T13:00:21.951453Z,,1.1.0,f383ab41174cfcc1e50864decc3b858c19a67e60d7f7969230530c3bb21843c3
ea002c391d42a4e3f425eb705b44f8f7d873f021f93f68d30cf208fa33a66fbb,1.1.2,6590a4bbb77802175afa4c406de831d596569cbf2e1f596de7df0910f43e8fd5,e51f21289a5f63ada7c1746ad6385412db3f6a4e7fc3ba4e33e43fbdb6e9bf14,241bade8665d15f1855e8ed5cb5a8f8bc3dbb5e66c87d76b45ab5d76f1caa9f7,c8df716c912e3f6e3b11d508f2988b51a9d4b5a7,d4b87e91-991a-4aa9-bfef-bc8de675e276,1b4f2e60ce83fa1d63a5dff83769d27c,2026_04_LA_PHI,2026,4,2026-10-04T17:00:00Z,spreads,HOME,2026-09-23T13:00:21.951453Z,2026-09-23T13:00:21.551276Z,2026-09-22T18:51:43.097248Z,bb86d96ac8c5a37027060695827d4ca64ef6cc1d2ef5b5808941c85556f173d5,,,,,,,,,,RETAIL_ONLY,2,,,,,,,,,UNAVAILABLE_FOR_BETTING,INELIGIBLE_PINNACLE_TWO_SIDED_CONTRACT_MISSING,PASS,MODEL_LOCKED_UNTESTED_2026;UNCERTAINTY_UNAVAILABLE_FOR_BETTING;INELIGIBLE_PINNACLE_TWO_SIDED_CONTRACT_MISSING;Feature store does not contain exactly two rows for the game,local:v11-prospective-observer,2026-09-23T13:00:21.951453Z,,1.1.0,309b099b14732d846404e90e3fc8a1ae7f073c950b79b5e527a45e5d67489122
f1e5a9cb58269eab9ff28674b30ee4184f61a8fffe366fc0fdeb63d65c806c2a,challenger-0.2.0,5c8bf3ec348a261ab2c0ce94bd8cc315f754a8dc991c15c20d0d961d06997984,49fadb583b0dee0ba78c242826cb3e521cee0c4af2da837cfd5df18936598793,159ec87beb47e140832d992a80618f94b5cef5681c9d11c24e999ce1cad03b10,c8df716c912e3f6e3b11d508f2988b51a9d4b5a7,d4b87e91-991a-4aa9-bfef-bc8de675e276,1b4f2e60ce83fa1d63a5dff83769d27c,2026_04_LA_PHI,2026,4,2026-10-04T17:00:00Z,spreads,HOME,2026-09-23T13:00:24.484171Z,2026-09-23T13:00:21.551276Z,2026-09-22T18:51:43.097248Z,3ecdbfbaf3290a1d0f9b9aee517e61634d37a7bdde41367b8b77ffdf6363f311,,,,,,,,,,RETAIL_ONLY,2,,,,,,,,,MODELED_DEVELOPMENT_MARGIN_SHADOW_ONLY,INELIGIBLE_PINNACLE_TWO_SIDED_CONTRACT_MISSING,PASS,EXPERIMENTAL_SHADOW_NO_STAKES;INELIGIBLE_PINNACLE_TWO_SIDED_CONTRACT_MISSING;Challenger feature/game rows are missing or duplicated,local:challenger+the-odds-api,2026-09-23T13:00:24.484171Z,,1.1.0,c7f17b30db8b30bafeacff20c830cb3ee14588a6f3d82c489aa737698a5c1367
607920d5e5eb34668b7b783753725ca453085677473fc72b982d352a198e9ccb,challenger-0.2.0,5c8bf3ec348a261ab2c0ce94bd8cc315f754a8dc991c15c20d0d961d06997984,49fadb583b0dee0ba78c242826cb3e521cee0c4af2da837cfd5df18936598793,159ec87beb47e140832d992a80618f94b5cef5681c9d11c24e999ce1cad03b10,c8df716c912e3f6e3b11d508f2988b51a9d4b5a7,d4b87e91-991a-4aa9-bfef-bc8de675e276,1b4f2e60ce83fa1d63a5dff83769d27c,2026_04_LA_PHI,2026,4,2026-10-04T17:00:00Z,totals,OVER,2026-09-23T13:00:24.484171Z,2026-09-23T13:00:21.551276Z,2026-09-22T18:51:43.097248Z,3ecdbfbaf3290a1d0f9b9aee517e61634d37a7bdde41367b8b77ffdf6363f311,,,,,,,,,,RETAIL_ONLY,2,,,,,,,,,MODELED_DEVELOPMENT_MARGIN_SHADOW_ONLY,INELIGIBLE_PINNACLE_TWO_SIDED_CONTRACT_MISSING,PASS,EXPERIMENTAL_SHADOW_NO_STAKES;INELIGIBLE_PINNACLE_TWO_SIDED_CONTRACT_MISSING;Challenger feature/game rows are missing or duplicated,local:challenger+the-odds-api,2026-09-23T13:00:24.484171Z,,1.1.0,d8407057bcaf2511a62cc32a89bf1b3ec182a6b622aa68a0b3bc4c5f3bdecd7d
75aabfe0a57267c53ad8bab93b53d5b399fa4d7923e6947e935a7f637592b958,1.1.2,6590a4bbb77802175afa4c406de831d596569cbf2e1f596de7df0910f43e8fd5,e51f21289a5f63ada7c1746ad6385412db3f6a4e7fc3ba4e33e43fbdb6e9bf14,241bade8665d15f1855e8ed5cb5a8f8bc3dbb5e66c87d76b45ab5d76f1caa9f7,c8df716c912e3f6e3b11d508f2988b51a9d4b5a7,d4b87e91-991a-4aa9-bfef-bc8de675e276,1b4f2e60ce83fa1d63a5dff83769d27c,2026_04_LA_PHI,2026,4,2026-10-04T17:00:00Z,totals,OVER,2026-09-23T13:00:21.951453Z,2026-09-23T13:00:21.551276Z,2026-09-22T18:51:43.097248Z,bb86d96ac8c5a37027060695827d4ca64ef6cc1d2ef5b5808941c85556f173d5,,,,,,,,,,RETAIL_ONLY,2,,,,,,,,,UNAVAILABLE_FOR_BETTING,INELIGIBLE_PINNACLE_TWO_SIDED_CONTRACT_MISSING,PASS,MODEL_LOCKED_UNTESTED_2026;UNCERTAINTY_UNAVAILABLE_FOR_BETTING;INELIGIBLE_PINNACLE_TWO_SIDED_CONTRACT_MISSING;Feature store does not contain exactly two rows for the game,local:v11-prospective-observer,2026-09-23T13:00:21.951453Z,,1.1.0,7c32eea96247e1ea74b0efe913019756db6aa2731b6bb3e25b61ab25e2258f05
3ccabff133f81cd47ed0f75f8d80ffe53133655e0acf333703dbaa0ab48e4c8b,challenger-0.2.0,5c8bf3ec348a261ab2c0ce94bd8cc315f754a8dc991c15c20d0d961d06997984,49fadb583b0dee0ba78c242826cb3e521cee0c4af2da837cfd5df18936598793,159ec87beb47e140832d992a80618f94b5cef5681c9d11c24e999ce1cad03b10,c8df716c912e3f6e3b11d508f2988b51a9d4b5a7,d4b87e91-991a-4aa9-bfef-bc8de675e276,573cc0ef39631a4f6673ec843a8bedd4,2026_04_NE_BUF,2026,4,2026-10-04T17:00:00Z,spreads,HOME,2026-09-23T13:00:24.484171Z,2026-09-23T13:00:21.551276Z,2026-09-22T18:51:43.097248Z,3ecdbfbaf3290a1d0f9b9aee517e61634d37a7bdde41367b8b77ffdf6363f311,,,,,,,,,,RETAIL_ONLY,2,,,,,,,,,MODELED_DEVELOPMENT_MARGIN_SHADOW_ONLY,INELIGIBLE_PINNACLE_TWO_SIDED_CONTRACT_MISSING,PASS,EXPERIMENTAL_SHADOW_NO_STAKES;INELIGIBLE_PINNACLE_TWO_SIDED_CONTRACT_MISSING;Challenger feature/game rows are missing or duplicated,local:challenger+the-odds-api,2026-09-23T13:00:24.484171Z,,1.1.0,45b31f510e7dbc149e85d64c5f16da37aa67c51debfa549b18a13f5a6d21b33f
79471fdba737c51be0f3d7b61d9d39d5fe35a7a5e74c56bbecad251b82381d8b,1.1.2,6590a4bbb77802175afa4c406de831d596569cbf2e1f596de7df0910f43e8fd5,e51f21289a5f63ada7c1746ad6385412db3f6a4e7fc3ba4e33e43fbdb6e9bf14,241bade8665d15f1855e8ed5cb5a8f8bc3dbb5e66c87d76b45ab5d76f1caa9f7,c8df716c912e3f6e3b11d508f2988b51a9d4b5a7,d4b87e91-991a-4aa9-bfef-bc8de675e276,573cc0ef39631a4f6673ec843a8bedd4,2026_04_NE_BUF,2026,4,2026-10-04T17:00:00Z,spreads,HOME,2026-09-23T13:00:21.951453Z,2026-09-23T13:00:21.551276Z,2026-09-22T18:51:43.097248Z,bb86d96ac8c5a37027060695827d4ca64ef6cc1d2ef5b5808941c85556f173d5,,,,,,,,,,RETAIL_ONLY,2,,,,,,,,,UNAVAILABLE_FOR_BETTING,INELIGIBLE_PINNACLE_TWO_SIDED_CONTRACT_MISSING,PASS,MODEL_LOCKED_UNTESTED_2026;UNCERTAINTY_UNAVAILABLE_FOR_BETTING;INELIGIBLE_PINNACLE_TWO_SIDED_CONTRACT_MISSING;Feature store does not contain exactly two rows for the game,local:v11-prospective-observer,2026-09-23T13:00:21.951453Z,,1.1.0,8759b67be9141829567de3824b5f74ac8fe4da6b820e895884a9f3d56906510a
890940f49220f3cb3146f8a53d5fdaa1bfc0e430ab1dcfae0341c755543b0079,challenger-0.2.0,5c8bf3ec348a261ab2c0ce94bd8cc315f754a8dc991c15c20d0d961d06997984,49fadb583b0dee0ba78c242826cb3e521cee0c4af2da837cfd5df18936598793,159ec87beb47e140832d992a80618f94b5cef5681c9d11c24e999ce1cad03b10,c8df716c912e3f6e3b11d508f2988b51a9d4b5a7,d4b87e91-991a-4aa9-bfef-bc8de675e276,573cc0ef39631a4f6673ec843a8bedd4,2026_04_NE_BUF,2026,4,2026-10-04T17:00:00Z,totals,OVER,2026-09-23T13:00:24.484171Z,2026-09-23T13:00:21.551276Z,2026-09-22T18:51:43.097248Z,3ecdbfbaf3290a1d0f9b9aee517e61634d37a7bdde41367b8b77ffdf6363f311,,,,,,,,,,RETAIL_ONLY,2,,,,,,,,,MODELED_DEVELOPMENT_MARGIN_SHADOW_ONLY,INELIGIBLE_PINNACLE_TWO_SIDED_CONTRACT_MISSING,PASS,EXPERIMENTAL_SHADOW_NO_STAKES;INELIGIBLE_PINNACLE_TWO_SIDED_CONTRACT_MISSING;Challenger feature/game rows are missing or duplicated,local:challenger+the-odds-api,2026-09-23T13:00:24.484171Z,,1.1.0,8ebe2dc52e159bdfda89577573e06b01cc9680f957a89c442b9dd92efd718319
b3ca64087b0c16c73a31a1e6bb57dcccb045b7a1ebb3cdeb68fb9f63b9e5c8bc,1.1.2,6590a4bbb77802175afa4c406de831d596569cbf2e1f596de7df0910f43e8fd5,e51f21289a5f63ada7c1746ad6385412db3f6a4e7fc3ba4e33e43fbdb6e9bf14,241bade8665d15f1855e8ed5cb5a8f8bc3dbb5e66c87d76b45ab5d76f1caa9f7,c8df716c912e3f6e3b11d508f2988b51a9d4b5a7,d4b87e91-991a-4aa9-bfef-bc8de675e276,573cc0ef39631a4f6673ec843a8bedd4,2026_04_NE_BUF,2026,4,2026-10-04T17:00:00Z,totals,OVER,2026-09-23T13:00:21.951453Z,2026-09-23T13:00:21.551276Z,2026-09-22T18:51:43.097248Z,bb86d96ac8c5a37027060695827d4ca64ef6cc1d2ef5b5808941c85556f173d5,,,,,,,,,,RETAIL_ONLY,2,,,,,,,,,UNAVAILABLE_FOR_BETTING,INELIGIBLE_PINNACLE_TWO_SIDED_CONTRACT_MISSING,PASS,MODEL_LOCKED_UNTESTED_2026;UNCERTAINTY_UNAVAILABLE_FOR_BETTING;INELIGIBLE_PINNACLE_TWO_SIDED_CONTRACT_MISSING;Feature store does not contain exactly two rows for the game,local:v11-prospective-observer,2026-09-23T13:00:21.951453Z,,1.1.0,6941409be26bade829a09f3b4d06ba9643f9cff4921e6f2304eb9977e212bb12
1253179a12cbd65f1a9e96ffbbce8175822864810e87e1790dd1953034df5a45,1.1.2,6590a4bbb77802175afa4c406de831d596569cbf2e1f596de7df0910f43e8fd5,e51f21289a5f63ada7c1746ad6385412db3f6a4e7fc3ba4e33e43fbdb6e9bf14,241bade8665d15f1855e8ed5cb5a8f8bc3dbb5e66c87d76b45ab5d76f1caa9f7,c8df716c912e3f6e3b11d508f2988b51a9d4b5a7,d4b87e91-991a-4aa9-bfef-bc8de675e276,164e6eb68f31bac190381903c3cccd31,2026_04_NYJ_CHI,2026,4,2026-10-04T17:00:00Z,spreads,HOME,2026-09-23T13:00:21.951453Z,2026-09-23T13:00:21.551276Z,2026-09-22T18:51:43.097248Z,bb86d96ac8c5a37027060695827d4ca64ef6cc1d2ef5b5808941c85556f173d5,,,,,,,,,,RETAIL_ONLY,2,,,,,,,,,UNAVAILABLE_FOR_BETTING,INELIGIBLE_PINNACLE_TWO_SIDED_CONTRACT_MISSING,PASS,MODEL_LOCKED_UNTESTED_2026;UNCERTAINTY_UNAVAILABLE_FOR_BETTING;INELIGIBLE_PINNACLE_TWO_SIDED_CONTRACT_MISSING;Feature store does not contain exactly two rows for the game,local:v11-prospective-observer,2026-09-23T13:00:21.951453Z,,1.1.0,5ece554b3e7fc3c5688ebaa8bf79dc5a3ca3d778e38f548cec11b16ff294bda8
a31a2731d7acd3728440680a43739f2c499d4736a32c3a3c6c8be0b7109fd95f,challenger-0.2.0,5c8bf3ec348a261ab2c0ce94bd8cc315f754a8dc991c15c20d0d961d06997984,49fadb583b0dee0ba78c242826cb3e521cee0c4af2da837cfd5df18936598793,159ec87beb47e140832d992a80618f94b5cef5681c9d11c24e999ce1cad03b10,c8df716c912e3f6e3b11d508f2988b51a9d4b5a7,d4b87e91-991a-4aa9-bfef-bc8de675e276,164e6eb68f31bac190381903c3cccd31,2026_04_NYJ_CHI,2026,4,2026-10-04T17:00:00Z,spreads,HOME,2026-09-23T13:00:24.484171Z,2026-09-23T13:00:21.551276Z,2026-09-22T18:51:43.097248Z,3ecdbfbaf3290a1d0f9b9aee517e61634d37a7bdde41367b8b77ffdf6363f311,,,,,,,,,,RETAIL_ONLY,2,,,,,,,,,MODELED_DEVELOPMENT_MARGIN_SHADOW_ONLY,INELIGIBLE_PINNACLE_TWO_SIDED_CONTRACT_MISSING,PASS,EXPERIMENTAL_SHADOW_NO_STAKES;INELIGIBLE_PINNACLE_TWO_SIDED_CONTRACT_MISSING;Challenger feature/game rows are missing or duplicated,local:challenger+the-odds-api,2026-09-23T13:00:24.484171Z,,1.1.0,d417c4524f13528dc3dc3f08acbaae57deed40195168e81d860f8744100e138a
e92d484106bd9962f31419d55b6c3b5088d18d38426fe0d308c585382ce89c1e,challenger-0.2.0,5c8bf3ec348a261ab2c0ce94bd8cc315f754a8dc991c15c20d0d961d06997984,49fadb583b0dee0ba78c242826cb3e521cee0c4af2da837cfd5df18936598793,159ec87beb47e140832d992a80618f94b5cef5681c9d11c24e999ce1cad03b10,c8df716c912e3f6e3b11d508f2988b51a9d4b5a7,d4b87e91-991a-4aa9-bfef-bc8de675e276,164e6eb68f31bac190381903c3cccd31,2026_04_NYJ_CHI,2026,4,2026-10-04T17:00:00Z,totals,OVER,2026-09-23T13:00:24.484171Z,2026-09-23T13:00:21.551276Z,2026-09-22T18:51:43.097248Z,3ecdbfbaf3290a1d0f9b9aee517e61634d37a7bdde41367b8b77ffdf6363f311,,,,,,,,,,RETAIL_ONLY,2,,,,,,,,,MODELED_DEVELOPMENT_MARGIN_SHADOW_ONLY,INELIGIBLE_PINNACLE_TWO_SIDED_CONTRACT_MISSING,PASS,EXPERIMENTAL_SHADOW_NO_STAKES;INELIGIBLE_PINNACLE_TWO_SIDED_CONTRACT_MISSING;Challenger feature/game rows are missing or duplicated,local:challenger+the-odds-api,2026-09-23T13:00:24.484171Z,,1.1.0,335f32ead735e13974bb60e418f6ccc9fe2ebb31c03dd0c7d44d1d24ae7384c5
fba659e75a77311a49116e3f18699b51ab45b01914caf59885b3f8003d72e5b8,1.1.2,6590a4bbb77802175afa4c406de831d596569cbf2e1f596de7df0910f43e8fd5,e51f21289a5f63ada7c1746ad6385412db3f6a4e7fc3ba4e33e43fbdb6e9bf14,241bade8665d15f1855e8ed5cb5a8f8bc3dbb5e66c87d76b45ab5d76f1caa9f7,c8df716c912e3f6e3b11d508f2988b51a9d4b5a7,d4b87e91-991a-4aa9-bfef-bc8de675e276,164e6eb68f31bac190381903c3cccd31,2026_04_NYJ_CHI,2026,4,2026-10-04T17:00:00Z,totals,OVER,2026-09-23T13:00:21.951453Z,2026-09-23T13:00:21.551276Z,2026-09-22T18:51:43.097248Z,bb86d96ac8c5a37027060695827d4ca64ef6cc1d2ef5b5808941c85556f173d5,,,,,,,,,,RETAIL_ONLY,2,,,,,,,,,UNAVAILABLE_FOR_BETTING,INELIGIBLE_PINNACLE_TWO_SIDED_CONTRACT_MISSING,PASS,MODEL_LOCKED_UNTESTED_2026;UNCERTAINTY_UNAVAILABLE_FOR_BETTING;INELIGIBLE_PINNACLE_TWO_SIDED_CONTRACT_MISSING;Feature store does not contain exactly two rows for the game,local:v11-prospective-observer,2026-09-23T13:00:21.951453Z,,1.1.0,333d07f8c6be511161a045811da2c894561fd65b6094ac593610891c2e267532
199538840d936e6dbb34f8ce179b12125d59dd901cc8976d8b68038c976f57dd,1.1.2,6590a4bbb77802175afa4c406de831d596569cbf2e1f596de7df0910f43e8fd5,e51f21289a5f63ada7c1746ad6385412db3f6a4e7fc3ba4e33e43fbdb6e9bf14,241bade8665d15f1855e8ed5cb5a8f8bc3dbb5e66c87d76b45ab5d76f1caa9f7,c8df716c912e3f6e3b11d508f2988b51a9d4b5a7,d4b87e91-991a-4aa9-bfef-bc8de675e276,f01589b0e7e6dd4f4ac1220a1db81f53,2026_04_TEN_BAL,2026,4,2026-10-04T17:00:00Z,spreads,HOME,2026-09-23T13:00:21.951453Z,2026-09-23T13:00:21.551276Z,2026-09-22T18:51:43.097248Z,bb86d96ac8c5a37027060695827d4ca64ef6cc1d2ef5b5808941c85556f173d5,,,,,,,,,,RETAIL_ONLY,2,,,,,,,,,UNAVAILABLE_FOR_BETTING,INELIGIBLE_PINNACLE_TWO_SIDED_CONTRACT_MISSING,PASS,MODEL_LOCKED_UNTESTED_2026;UNCERTAINTY_UNAVAILABLE_FOR_BETTING;INELIGIBLE_PINNACLE_TWO_SIDED_CONTRACT_MISSING;Feature store does not contain exactly two rows for the game,local:v11-prospective-observer,2026-09-23T13:00:21.951453Z,,1.1.0,8d7ebb75c54691e11345b5f6f79a1ee55e31d82687857a23812f236596ec65df
2f192f807ff26621a82d5f72990ddf1b195e7f4c4ff546aab7d00d6c2c3adb33,challenger-0.2.0,5c8bf3ec348a261ab2c0ce94bd8cc315f754a8dc991c15c20d0d961d06997984,49fadb583b0dee0ba78c242826cb3e521cee0c4af2da837cfd5df18936598793,159ec87beb47e140832d992a80618f94b5cef5681c9d11c24e999ce1cad03b10,c8df716c912e3f6e3b11d508f2988b51a9d4b5a7,d4b87e91-991a-4aa9-bfef-bc8de675e276,f01589b0e7e6dd4f4ac1220a1db81f53,2026_04_TEN_BAL,2026,4,2026-10-04T17:00:00Z,spreads,HOME,2026-09-23T13:00:24.484171Z,2026-09-23T13:00:21.551276Z,2026-09-22T18:51:43.097248Z,3ecdbfbaf3290a1d0f9b9aee517e61634d37a7bdde41367b8b77ffdf6363f311,,,,,,,,,,RETAIL_ONLY,2,,,,,,,,,MODELED_DEVELOPMENT_MARGIN_SHADOW_ONLY,INELIGIBLE_PINNACLE_TWO_SIDED_CONTRACT_MISSING,PASS,EXPERIMENTAL_SHADOW_NO_STAKES;INELIGIBLE_PINNACLE_TWO_SIDED_CONTRACT_MISSING;Challenger feature/game rows are missing or duplicated,local:challenger+the-odds-api,2026-09-23T13:00:24.484171Z,,1.1.0,396b7d7ea9c30718ce2ca2cfa3782c34776d5f480aacfa8f4ede9bf07a6c009e
4b84ec88a229cc412b855668e11f1fbc223aebbdbacd10b688be4ffd7c5fb463,1.1.2,6590a4bbb77802175afa4c406de831d596569cbf2e1f596de7df0910f43e8fd5,e51f21289a5f63ada7c1746ad6385412db3f6a4e7fc3ba4e33e43fbdb6e9bf14,241bade8665d15f1855e8ed5cb5a8f8bc3dbb5e66c87d76b45ab5d76f1caa9f7,c8df716c912e3f6e3b11d508f2988b51a9d4b5a7,d4b87e91-991a-4aa9-bfef-bc8de675e276,f01589b0e7e6dd4f4ac1220a1db81f53,2026_04_TEN_BAL,2026,4,2026-10-04T17:00:00Z,totals,OVER,2026-09-23T13:00:21.951453Z,2026-09-23T13:00:21.551276Z,2026-09-22T18:51:43.097248Z,bb86d96ac8c5a37027060695827d4ca64ef6cc1d2ef5b5808941c85556f173d5,,,,,,,,,,RETAIL_ONLY,2,,,,,,,,,UNAVAILABLE_FOR_BETTING,INELIGIBLE_PINNACLE_TWO_SIDED_CONTRACT_MISSING,PASS,MODEL_LOCKED_UNTESTED_2026;UNCERTAINTY_UNAVAILABLE_FOR_BETTING;INELIGIBLE_PINNACLE_TWO_SIDED_CONTRACT_MISSING;Feature store does not contain exactly two rows for the game,local:v11-prospective-observer,2026-09-23T13:00:21.951453Z,,1.1.0,6cc50a4d0ce32a5dd05237bf0e0ff770dc89ef924724455ae12ae47e0e7c4517
de9b6c274cf340dcf5e635a3731e3d157b38a758a018555e00b823aac98b4078,challenger-0.2.0,5c8bf3ec348a261ab2c0ce94bd8cc315f754a8dc991c15c20d0d961d06997984,49fadb583b0dee0ba78c242826cb3e521cee0c4af2da837cfd5df18936598793,159ec87beb47e140832d992a80618f94b5cef5681c9d11c24e999ce1cad03b10,c8df716c912e3f6e3b11d508f2988b51a9d4b5a7,d4b87e91-991a-4aa9-bfef-bc8de675e276,f01589b0e7e6dd4f4ac1220a1db81f53,2026_04_TEN_BAL,2026,4,2026-10-04T17:00:00Z,totals,OVER,2026-09-23T13:00:24.484171Z,2026-09-23T13:00:21.551276Z,2026-09-22T18:51:43.097248Z,3ecdbfbaf3290a1d0f9b9aee517e61634d37a7bdde41367b8b77ffdf6363f311,,,,,,,,,,RETAIL_ONLY,2,,,,,,,,,MODELED_DEVELOPMENT_MARGIN_SHADOW_ONLY,INELIGIBLE_PINNACLE_TWO_SIDED_CONTRACT_MISSING,PASS,EXPERIMENTAL_SHADOW_NO_STAKES;INELIGIBLE_PINNACLE_TWO_SIDED_CONTRACT_MISSING;Challenger feature/game rows are missing or duplicated,local:challenger+the-odds-api,2026-09-23T13:00:24.484171Z,,1.1.0,b2bb3d06a69e278b190cb1067b1218f3269d3f78c6dad72a2a338a902400f2cb
8aa4e736f5499ef36e98d23321089c5518e09dd3441b63fbd45d880e5055092f,challenger-0.2.0,5c8bf3ec348a261ab2c0ce94bd8cc315f754a8dc991c15c20d0d961d06997984,49fadb583b0dee0ba78c242826cb3e521cee0c4af2da837cfd5df18936598793,159ec87beb47e140832d992a80618f94b5cef5681c9d11c24e999ce1cad03b10,c8df716c912e3f6e3b11d508f2988b51a9d4b5a7,d4b87e91-991a-4aa9-bfef-bc8de675e276,c327223d76a3b7b0db8c6c104442f44b,2026_04_MIA_MIN,2026,4,2026-10-04T20:05:00Z,spreads,HOME,2026-09-23T13:00:24.484171Z,2026-09-23T13:00:21.551276Z,2026-09-22T18:51:43.097248Z,3ecdbfbaf3290a1d0f9b9aee517e61634d37a7bdde41367b8b77ffdf6363f311,,,,,,,,,,RETAIL_ONLY,2,,,,,,,,,MODELED_DEVELOPMENT_MARGIN_SHADOW_ONLY,INELIGIBLE_PINNACLE_TWO_SIDED_CONTRACT_MISSING,PASS,EXPERIMENTAL_SHADOW_NO_STAKES;INELIGIBLE_PINNACLE_TWO_SIDED_CONTRACT_MISSING;Challenger feature/game rows are missing or duplicated,local:challenger+the-odds-api,2026-09-23T13:00:24.484171Z,,1.1.0,2763f5f45042e7847ea0915a2459615acd8f66e2522fbb51f01e16614d81a679
b11368f73904951ef19ef0b3ddfac423b2142891f563dcb0f7f4798405bad1dd,1.1.2,6590a4bbb77802175afa4c406de831d596569cbf2e1f596de7df0910f43e8fd5,e51f21289a5f63ada7c1746ad6385412db3f6a4e7fc3ba4e33e43fbdb6e9bf14,241bade8665d15f1855e8ed5cb5a8f8bc3dbb5e66c87d76b45ab5d76f1caa9f7,c8df716c912e3f6e3b11d508f2988b51a9d4b5a7,d4b87e91-991a-4aa9-bfef-bc8de675e276,c327223d76a3b7b0db8c6c104442f44b,2026_04_MIA_MIN,2026,4,2026-10-04T20:05:00Z,spreads,HOME,2026-09-23T13:00:21.951453Z,2026-09-23T13:00:21.551276Z,2026-09-22T18:51:43.097248Z,bb86d96ac8c5a37027060695827d4ca64ef6cc1d2ef5b5808941c85556f173d5,,,,,,,,,,RETAIL_ONLY,2,,,,,,,,,UNAVAILABLE_FOR_BETTING,INELIGIBLE_PINNACLE_TWO_SIDED_CONTRACT_MISSING,PASS,MODEL_LOCKED_UNTESTED_2026;UNCERTAINTY_UNAVAILABLE_FOR_BETTING;INELIGIBLE_PINNACLE_TWO_SIDED_CONTRACT_MISSING;Feature store does not contain exactly two rows for the game,local:v11-prospective-observer,2026-09-23T13:00:21.951453Z,,1.1.0,ee47821d5e63e5b4849f51fd4070aa167315406fc66bdb92db9f6243dec3a849
06a04593503f7bd5eabaf3a1807f347cb84e7ec73a35da09c42b3a0363c356a2,1.1.2,6590a4bbb77802175afa4c406de831d596569cbf2e1f596de7df0910f43e8fd5,e51f21289a5f63ada7c1746ad6385412db3f6a4e7fc3ba4e33e43fbdb6e9bf14,241bade8665d15f1855e8ed5cb5a8f8bc3dbb5e66c87d76b45ab5d76f1caa9f7,c8df716c912e3f6e3b11d508f2988b51a9d4b5a7,d4b87e91-991a-4aa9-bfef-bc8de675e276,c327223d76a3b7b0db8c6c104442f44b,2026_04_MIA_MIN,2026,4,2026-10-04T20:05:00Z,totals,OVER,2026-09-23T13:00:21.951453Z,2026-09-23T13:00:21.551276Z,2026-09-22T18:51:43.097248Z,bb86d96ac8c5a37027060695827d4ca64ef6cc1d2ef5b5808941c85556f173d5,,,,,,,,,,RETAIL_ONLY,2,,,,,,,,,UNAVAILABLE_FOR_BETTING,INELIGIBLE_PINNACLE_TWO_SIDED_CONTRACT_MISSING,PASS,MODEL_LOCKED_UNTESTED_2026;UNCERTAINTY_UNAVAILABLE_FOR_BETTING;INELIGIBLE_PINNACLE_TWO_SIDED_CONTRACT_MISSING;Feature store does not contain exactly two rows for the game,local:v11-prospective-observer,2026-09-23T13:00:21.951453Z,,1.1.0,78eeb84343ad3fa366b7d1592f80e82a818f0637e7d027527547a11744f58adf
1fad290a7ef72c512cb7c2d1cd84b084fe36b4d8385d33f8ee146187a5f2516d,challenger-0.2.0,5c8bf3ec348a261ab2c0ce94bd8cc315f754a8dc991c15c20d0d961d06997984,49fadb583b0dee0ba78c242826cb3e521cee0c4af2da837cfd5df18936598793,159ec87beb47e140832d992a80618f94b5cef5681c9d11c24e999ce1cad03b10,c8df716c912e3f6e3b11d508f2988b51a9d4b5a7,d4b87e91-991a-4aa9-bfef-bc8de675e276,c327223d76a3b7b0db8c6c104442f44b,2026_04_MIA_MIN,2026,4,2026-10-04T20:05:00Z,totals,OVER,2026-09-23T13:00:24.484171Z,2026-09-23T13:00:21.551276Z,2026-09-22T18:51:43.097248Z,3ecdbfbaf3290a1d0f9b9aee517e61634d37a7bdde41367b8b77ffdf6363f311,,,,,,,,,,RETAIL_ONLY,2,,,,,,,,,MODELED_DEVELOPMENT_MARGIN_SHADOW_ONLY,INELIGIBLE_PINNACLE_TWO_SIDED_CONTRACT_MISSING,PASS,EXPERIMENTAL_SHADOW_NO_STAKES;INELIGIBLE_PINNACLE_TWO_SIDED_CONTRACT_MISSING;Challenger feature/game rows are missing or duplicated,local:challenger+the-odds-api,2026-09-23T13:00:24.484171Z,,1.1.0,b03f6696a075440868a9e6cbfa20f0c4ecbb32140b3799bf4beb8fdf4f0a0586
1b8899815620ccb1b84aad77c26deb96b5f3749bbd57a3e643a26b0387d5a4fe,1.1.2,6590a4bbb77802175afa4c406de831d596569cbf2e1f596de7df0910f43e8fd5,e51f21289a5f63ada7c1746ad6385412db3f6a4e7fc3ba4e33e43fbdb6e9bf14,241bade8665d15f1855e8ed5cb5a8f8bc3dbb5e66c87d76b45ab5d76f1caa9f7,c8df716c912e3f6e3b11d508f2988b51a9d4b5a7,d4b87e91-991a-4aa9-bfef-bc8de675e276,a7e7efb75a9792ac63480ae6328dca18,2026_04_DEN_SF,2026,4,2026-10-04T20:25:00Z,spreads,HOME,2026-09-23T13:00:21.951453Z,2026-09-23T13:00:21.551276Z,2026-09-22T18:51:43.097248Z,bb86d96ac8c5a37027060695827d4ca64ef6cc1d2ef5b5808941c85556f173d5,,,,,,,,,,RETAIL_ONLY,2,,,,,,,,,UNAVAILABLE_FOR_BETTING,INELIGIBLE_PINNACLE_TWO_SIDED_CONTRACT_MISSING,PASS,MODEL_LOCKED_UNTESTED_2026;UNCERTAINTY_UNAVAILABLE_FOR_BETTING;INELIGIBLE_PINNACLE_TWO_SIDED_CONTRACT_MISSING;Feature store does not contain exactly two rows for the game,local:v11-prospective-observer,2026-09-23T13:00:21.951453Z,,1.1.0,8eb0d69d9c4844bad4f2573ae096477aae249b3fcaf16b662560e240c1ba6716
c5841d17c005421c5411f4609582edc670e720d337fc1e7beb3fbd31e6fe5d00,challenger-0.2.0,5c8bf3ec348a261ab2c0ce94bd8cc315f754a8dc991c15c20d0d961d06997984,49fadb583b0dee0ba78c242826cb3e521cee0c4af2da837cfd5df18936598793,159ec87beb47e140832d992a80618f94b5cef5681c9d11c24e999ce1cad03b10,c8df716c912e3f6e3b11d508f2988b51a9d4b5a7,d4b87e91-991a-4aa9-bfef-bc8de675e276,a7e7efb75a9792ac63480ae6328dca18,2026_04_DEN_SF,2026,4,2026-10-04T20:25:00Z,spreads,HOME,2026-09-23T13:00:24.484171Z,2026-09-23T13:00:21.551276Z,2026-09-22T18:51:43.097248Z,3ecdbfbaf3290a1d0f9b9aee517e61634d37a7bdde41367b8b77ffdf6363f311,,,,,,,,,,RETAIL_ONLY,2,,,,,,,,,MODELED_DEVELOPMENT_MARGIN_SHADOW_ONLY,INELIGIBLE_PINNACLE_TWO_SIDED_CONTRACT_MISSING,PASS,EXPERIMENTAL_SHADOW_NO_STAKES;INELIGIBLE_PINNACLE_TWO_SIDED_CONTRACT_MISSING;Challenger feature/game rows are missing or duplicated,local:challenger+the-odds-api,2026-09-23T13:00:24.484171Z,,1.1.0,1419cf66a889e1bdae63cd57f5e5ec31eb95124b8f6a8fdd2f12cdf474584077
f42554b193206d85849c6fcf875a7b6fb428d39597253fd081e5e60d258a1e94,challenger-0.2.0,5c8bf3ec348a261ab2c0ce94bd8cc315f754a8dc991c15c20d0d961d06997984,49fadb583b0dee0ba78c242826cb3e521cee0c4af2da837cfd5df18936598793,159ec87beb47e140832d992a80618f94b5cef5681c9d11c24e999ce1cad03b10,c8df716c912e3f6e3b11d508f2988b51a9d4b5a7,d4b87e91-991a-4aa9-bfef-bc8de675e276,a7e7efb75a9792ac63480ae6328dca18,2026_04_DEN_SF,2026,4,2026-10-04T20:25:00Z,totals,OVER,2026-09-23T13:00:24.484171Z,2026-09-23T13:00:21.551276Z,2026-09-22T18:51:43.097248Z,3ecdbfbaf3290a1d0f9b9aee517e61634d37a7bdde41367b8b77ffdf6363f311,,,,,,,,,,RETAIL_ONLY,2,,,,,,,,,MODELED_DEVELOPMENT_MARGIN_SHADOW_ONLY,INELIGIBLE_PINNACLE_TWO_SIDED_CONTRACT_MISSING,PASS,EXPERIMENTAL_SHADOW_NO_STAKES;INELIGIBLE_PINNACLE_TWO_SIDED_CONTRACT_MISSING;Challenger feature/game rows are missing or duplicated,local:challenger+the-odds-api,2026-09-23T13:00:24.484171Z,,1.1.0,fdc57c8a77af701829ab9d8e80b36ec87fe88b3140319f23e405a5f86ba5b00f
febee15c182ed6104ea858365e43418467f81c5f3f858e318a92a990d2d36d2f,1.1.2,6590a4bbb77802175afa4c406de831d596569cbf2e1f596de7df0910f43e8fd5,e51f21289a5f63ada7c1746ad6385412db3f6a4e7fc3ba4e33e43fbdb6e9bf14,241bade8665d15f1855e8ed5cb5a8f8bc3dbb5e66c87d76b45ab5d76f1caa9f7,c8df716c912e3f6e3b11d508f2988b51a9d4b5a7,d4b87e91-991a-4aa9-bfef-bc8de675e276,a7e7efb75a9792ac63480ae6328dca18,2026_04_DEN_SF,2026,4,2026-10-04T20:25:00Z,totals,OVER,2026-09-23T13:00:21.951453Z,2026-09-23T13:00:21.551276Z,2026-09-22T18:51:43.097248Z,bb86d96ac8c5a37027060695827d4ca64ef6cc1d2ef5b5808941c85556f173d5,,,,,,,,,,RETAIL_ONLY,2,,,,,,,,,UNAVAILABLE_FOR_BETTING,INELIGIBLE_PINNACLE_TWO_SIDED_CONTRACT_MISSING,PASS,MODEL_LOCKED_UNTESTED_2026;UNCERTAINTY_UNAVAILABLE_FOR_BETTING;INELIGIBLE_PINNACLE_TWO_SIDED_CONTRACT_MISSING;Feature store does not contain exactly two rows for the game,local:v11-prospective-observer,2026-09-23T13:00:21.951453Z,,1.1.0,f1f66452da286e3657fd6826c966c77f9367bfa984c04c58042cff812c6b6470
0b296c0850331b5b58822573ad36c69dbdc3c938ef9236340832e2ec4969c0a9,1.1.2,6590a4bbb77802175afa4c406de831d596569cbf2e1f596de7df0910f43e8fd5,e51f21289a5f63ada7c1746ad6385412db3f6a4e7fc3ba4e33e43fbdb6e9bf14,241bade8665d15f1855e8ed5cb5a8f8bc3dbb5e66c87d76b45ab5d76f1caa9f7,c8df716c912e3f6e3b11d508f2988b51a9d4b5a7,d4b87e91-991a-4aa9-bfef-bc8de675e276,e0cbd266dcf997089203a1b33ba0333d,2026_04_KC_LV,2026,4,2026-10-04T20:25:00Z,spreads,HOME,2026-09-23T13:00:21.951453Z,2026-09-23T13:00:21.551276Z,2026-09-22T18:51:43.097248Z,bb86d96ac8c5a37027060695827d4ca64ef6cc1d2ef5b5808941c85556f173d5,,,,,,,,,,RETAIL_ONLY,2,,,,,,,,,UNAVAILABLE_FOR_BETTING,INELIGIBLE_PINNACLE_TWO_SIDED_CONTRACT_MISSING,PASS,MODEL_LOCKED_UNTESTED_2026;UNCERTAINTY_UNAVAILABLE_FOR_BETTING;INELIGIBLE_PINNACLE_TWO_SIDED_CONTRACT_MISSING;Feature store does not contain exactly two rows for the game,local:v11-prospective-observer,2026-09-23T13:00:21.951453Z,,1.1.0,e372e8e622ab5762dd2389a1423c5f2b1ff5c7659e45411031526b3a7de5de76
939731abcc38f2cf924b19f0ed15921b10bfc2c5b2ba2445da8df3b6a2f7bd61,challenger-0.2.0,5c8bf3ec348a261ab2c0ce94bd8cc315f754a8dc991c15c20d0d961d06997984,49fadb583b0dee0ba78c242826cb3e521cee0c4af2da837cfd5df18936598793,159ec87beb47e140832d992a80618f94b5cef5681c9d11c24e999ce1cad03b10,c8df716c912e3f6e3b11d508f2988b51a9d4b5a7,d4b87e91-991a-4aa9-bfef-bc8de675e276,e0cbd266dcf997089203a1b33ba0333d,2026_04_KC_LV,2026,4,2026-10-04T20:25:00Z,spreads,HOME,2026-09-23T13:00:24.484171Z,2026-09-23T13:00:21.551276Z,2026-09-22T18:51:43.097248Z,3ecdbfbaf3290a1d0f9b9aee517e61634d37a7bdde41367b8b77ffdf6363f311,,,,,,,,,,RETAIL_ONLY,2,,,,,,,,,MODELED_DEVELOPMENT_MARGIN_SHADOW_ONLY,INELIGIBLE_PINNACLE_TWO_SIDED_CONTRACT_MISSING,PASS,EXPERIMENTAL_SHADOW_NO_STAKES;INELIGIBLE_PINNACLE_TWO_SIDED_CONTRACT_MISSING;Challenger feature/game rows are missing or duplicated,local:challenger+the-odds-api,2026-09-23T13:00:24.484171Z,,1.1.0,67c82eafa5a54fff6cde93d97b0154629236b932dcd4f2b6bf143e0663813bbb
e1992e01b1849cebe9b14a05c11f4981446ed0f87c32b6ad3270247d30de7e1b,1.1.2,6590a4bbb77802175afa4c406de831d596569cbf2e1f596de7df0910f43e8fd5,e51f21289a5f63ada7c1746ad6385412db3f6a4e7fc3ba4e33e43fbdb6e9bf14,241bade8665d15f1855e8ed5cb5a8f8bc3dbb5e66c87d76b45ab5d76f1caa9f7,c8df716c912e3f6e3b11d508f2988b51a9d4b5a7,d4b87e91-991a-4aa9-bfef-bc8de675e276,e0cbd266dcf997089203a1b33ba0333d,2026_04_KC_LV,2026,4,2026-10-04T20:25:00Z,totals,OVER,2026-09-23T13:00:21.951453Z,2026-09-23T13:00:21.551276Z,2026-09-22T18:51:43.097248Z,bb86d96ac8c5a37027060695827d4ca64ef6cc1d2ef5b5808941c85556f173d5,,,,,,,,,,RETAIL_ONLY,2,,,,,,,,,UNAVAILABLE_FOR_BETTING,INELIGIBLE_PINNACLE_TWO_SIDED_CONTRACT_MISSING,PASS,MODEL_LOCKED_UNTESTED_2026;UNCERTAINTY_UNAVAILABLE_FOR_BETTING;INELIGIBLE_PINNACLE_TWO_SIDED_CONTRACT_MISSING;Feature store does not contain exactly two rows for the game,local:v11-prospective-observer,2026-09-23T13:00:21.951453Z,,1.1.0,14b6a904f6cb13e0b7d5fcb653d5973a6f876a337de11f26d855d127dc9952f6
eed54761ce4e69694f6b8057edfe6655d71f9c8201ce42201690e47fee89848e,challenger-0.2.0,5c8bf3ec348a261ab2c0ce94bd8cc315f754a8dc991c15c20d0d961d06997984,49fadb583b0dee0ba78c242826cb3e521cee0c4af2da837cfd5df18936598793,159ec87beb47e140832d992a80618f94b5cef5681c9d11c24e999ce1cad03b10,c8df716c912e3f6e3b11d508f2988b51a9d4b5a7,d4b87e91-991a-4aa9-bfef-bc8de675e276,e0cbd266dcf997089203a1b33ba0333d,2026_04_KC_LV,2026,4,2026-10-04T20:25:00Z,totals,OVER,2026-09-23T13:00:24.484171Z,2026-09-23T13:00:21.551276Z,2026-09-22T18:51:43.097248Z,3ecdbfbaf3290a1d0f9b9aee517e61634d37a7bdde41367b8b77ffdf6363f311,,,,,,,,,,RETAIL_ONLY,2,,,,,,,,,MODELED_DEVELOPMENT_MARGIN_SHADOW_ONLY,INELIGIBLE_PINNACLE_TWO_SIDED_CONTRACT_MISSING,PASS,EXPERIMENTAL_SHADOW_NO_STAKES;INELIGIBLE_PINNACLE_TWO_SIDED_CONTRACT_MISSING;Challenger feature/game rows are missing or duplicated,local:challenger+the-odds-api,2026-09-23T13:00:24.484171Z,,1.1.0,0854fd74054ae467f8fd84982c5b1b1997a19eb91072535bf154e0d3dde37aaa
e6a733d42503e27cef01fcebc542d504b907fe3121cbd3b3ff846b81a61da397,1.1.2,6590a4bbb77802175afa4c406de831d596569cbf2e1f596de7df0910f43e8fd5,e51f21289a5f63ada7c1746ad6385412db3f6a4e7fc3ba4e33e43fbdb6e9bf14,241bade8665d15f1855e8ed5cb5a8f8bc3dbb5e66c87d76b45ab5d76f1caa9f7,c8df716c912e3f6e3b11d508f2988b51a9d4b5a7,d4b87e91-991a-4aa9-bfef-bc8de675e276,96d2373cda647873b971f268482bced0,2026_04_LAC_SEA,2026,4,2026-10-04T20:25:00Z,spreads,HOME,2026-09-23T13:00:21.951453Z,2026-09-23T13:00:21.551276Z,2026-09-22T18:51:43.097248Z,bb86d96ac8c5a37027060695827d4ca64ef6cc1d2ef5b5808941c85556f173d5,,,,,,,,,,RETAIL_ONLY,2,,,,,,,,,UNAVAILABLE_FOR_BETTING,INELIGIBLE_PINNACLE_TWO_SIDED_CONTRACT_MISSING,PASS,MODEL_LOCKED_UNTESTED_2026;UNCERTAINTY_UNAVAILABLE_FOR_BETTING;INELIGIBLE_PINNACLE_TWO_SIDED_CONTRACT_MISSING;Feature store does not contain exactly two rows for the game,local:v11-prospective-observer,2026-09-23T13:00:21.951453Z,,1.1.0,9895c30b09a8ad40f4b40abedf44ebf5f62ba7f81d5e5cef47c746641ead9482
fba71b5b480934210d044d050ef33e1c84993758ee4670ebbcecf2d10d6980af,challenger-0.2.0,5c8bf3ec348a261ab2c0ce94bd8cc315f754a8dc991c15c20d0d961d06997984,49fadb583b0dee0ba78c242826cb3e521cee0c4af2da837cfd5df18936598793,159ec87beb47e140832d992a80618f94b5cef5681c9d11c24e999ce1cad03b10,c8df716c912e3f6e3b11d508f2988b51a9d4b5a7,d4b87e91-991a-4aa9-bfef-bc8de675e276,96d2373cda647873b971f268482bced0,2026_04_LAC_SEA,2026,4,2026-10-04T20:25:00Z,spreads,HOME,2026-09-23T13:00:24.484171Z,2026-09-23T13:00:21.551276Z,2026-09-22T18:51:43.097248Z,3ecdbfbaf3290a1d0f9b9aee517e61634d37a7bdde41367b8b77ffdf6363f311,,,,,,,,,,RETAIL_ONLY,2,,,,,,,,,MODELED_DEVELOPMENT_MARGIN_SHADOW_ONLY,INELIGIBLE_PINNACLE_TWO_SIDED_CONTRACT_MISSING,PASS,EXPERIMENTAL_SHADOW_NO_STAKES;INELIGIBLE_PINNACLE_TWO_SIDED_CONTRACT_MISSING;Challenger feature/game rows are missing or duplicated,local:challenger+the-odds-api,2026-09-23T13:00:24.484171Z,,1.1.0,aacc59df6594d6a88c6602f5401ca76ba4ea5d4953ce7be9299982d43ecd948a
2d386cca240cca6a90144e8df35d045ef2eb1e831c2a8cd996eaa9832c5c9347,challenger-0.2.0,5c8bf3ec348a261ab2c0ce94bd8cc315f754a8dc991c15c20d0d961d06997984,49fadb583b0dee0ba78c242826cb3e521cee0c4af2da837cfd5df18936598793,159ec87beb47e140832d992a80618f94b5cef5681c9d11c24e999ce1cad03b10,c8df716c912e3f6e3b11d508f2988b51a9d4b5a7,d4b87e91-991a-4aa9-bfef-bc8de675e276,96d2373cda647873b971f268482bced0,2026_04_LAC_SEA,2026,4,2026-10-04T20:25:00Z,totals,OVER,2026-09-23T13:00:24.484171Z,2026-09-23T13:00:21.551276Z,2026-09-22T18:51:43.097248Z,3ecdbfbaf3290a1d0f9b9aee517e61634d37a7bdde41367b8b77ffdf6363f311,,,,,,,,,,RETAIL_ONLY,2,,,,,,,,,MODELED_DEVELOPMENT_MARGIN_SHADOW_ONLY,INELIGIBLE_PINNACLE_TWO_SIDED_CONTRACT_MISSING,PASS,EXPERIMENTAL_SHADOW_NO_STAKES;INELIGIBLE_PINNACLE_TWO_SIDED_CONTRACT_MISSING;Challenger feature/game rows are missing or duplicated,local:challenger+the-odds-api,2026-09-23T13:00:24.484171Z,,1.1.0,177b4fff10b40b1ec81dfa60c7f38c0cbe8d98a6e36872011318f2ceb52df37e
66eef33b53889f4af931da41980c8b3ab53b1c516a4fd05dcad927478a163197,1.1.2,6590a4bbb77802175afa4c406de831d596569cbf2e1f596de7df0910f43e8fd5,e51f21289a5f63ada7c1746ad6385412db3f6a4e7fc3ba4e33e43fbdb6e9bf14,241bade8665d15f1855e8ed5cb5a8f8bc3dbb5e66c87d76b45ab5d76f1caa9f7,c8df716c912e3f6e3b11d508f2988b51a9d4b5a7,d4b87e91-991a-4aa9-bfef-bc8de675e276,96d2373cda647873b971f268482bced0,2026_04_LAC_SEA,2026,4,2026-10-04T20:25:00Z,totals,OVER,2026-09-23T13:00:21.951453Z,2026-09-23T13:00:21.551276Z,2026-09-22T18:51:43.097248Z,bb86d96ac8c5a37027060695827d4ca64ef6cc1d2ef5b5808941c85556f173d5,,,,,,,,,,RETAIL_ONLY,2,,,,,,,,,UNAVAILABLE_FOR_BETTING,INELIGIBLE_PINNACLE_TWO_SIDED_CONTRACT_MISSING,PASS,MODEL_LOCKED_UNTESTED_2026;UNCERTAINTY_UNAVAILABLE_FOR_BETTING;INELIGIBLE_PINNACLE_TWO_SIDED_CONTRACT_MISSING;Feature store does not contain exactly two rows for the game,local:v11-prospective-observer,2026-09-23T13:00:21.951453Z,,1.1.0,4da3d0ae83cab059c954bd81175c42efa92bde45064f8fea1ebc8e83cc1af537
0af55013120f06f992021900c4913ae94b225728955f6b6eff47c998b439d850,challenger-0.2.0,5c8bf3ec348a261ab2c0ce94bd8cc315f754a8dc991c15c20d0d961d06997984,49fadb583b0dee0ba78c242826cb3e521cee0c4af2da837cfd5df18936598793,159ec87beb47e140832d992a80618f94b5cef5681c9d11c24e999ce1cad03b10,c8df716c912e3f6e3b11d508f2988b51a9d4b5a7,d4b87e91-991a-4aa9-bfef-bc8de675e276,a73a76599a4f3422803e57bd8f61b626,2026_04_DET_CAR,2026,4,2026-10-05T00:20:00Z,spreads,HOME,2026-09-23T13:00:24.484171Z,2026-09-23T13:00:21.551276Z,2026-09-22T18:51:43.097248Z,3ecdbfbaf3290a1d0f9b9aee517e61634d37a7bdde41367b8b77ffdf6363f311,,,,,,,,,,RETAIL_ONLY,2,,,,,,,,,MODELED_DEVELOPMENT_MARGIN_SHADOW_ONLY,INELIGIBLE_PINNACLE_TWO_SIDED_CONTRACT_MISSING,PASS,EXPERIMENTAL_SHADOW_NO_STAKES;INELIGIBLE_PINNACLE_TWO_SIDED_CONTRACT_MISSING;Challenger feature/game rows are missing or duplicated,local:challenger+the-odds-api,2026-09-23T13:00:24.484171Z,,1.1.0,d56ffa63d224f116557e5b5becf7f68b32acff2c3866d60fde141a5dfa3ceec7
7288bc45f7b863d8de698aa3a23fe6a1ac8acd44b1b8571e843f4b476fe66032,1.1.2,6590a4bbb77802175afa4c406de831d596569cbf2e1f596de7df0910f43e8fd5,e51f21289a5f63ada7c1746ad6385412db3f6a4e7fc3ba4e33e43fbdb6e9bf14,241bade8665d15f1855e8ed5cb5a8f8bc3dbb5e66c87d76b45ab5d76f1caa9f7,c8df716c912e3f6e3b11d508f2988b51a9d4b5a7,d4b87e91-991a-4aa9-bfef-bc8de675e276,a73a76599a4f3422803e57bd8f61b626,2026_04_DET_CAR,2026,4,2026-10-05T00:20:00Z,spreads,HOME,2026-09-23T13:00:21.951453Z,2026-09-23T13:00:21.551276Z,2026-09-22T18:51:43.097248Z,bb86d96ac8c5a37027060695827d4ca64ef6cc1d2ef5b5808941c85556f173d5,,,,,,,,,,RETAIL_ONLY,2,,,,,,,,,UNAVAILABLE_FOR_BETTING,INELIGIBLE_PINNACLE_TWO_SIDED_CONTRACT_MISSING,PASS,MODEL_LOCKED_UNTESTED_2026;UNCERTAINTY_UNAVAILABLE_FOR_BETTING;INELIGIBLE_PINNACLE_TWO_SIDED_CONTRACT_MISSING;Feature store does not contain exactly two rows for the game,local:v11-prospective-observer,2026-09-23T13:00:21.951453Z,,1.1.0,872cabc9a5bfac4e70b12a7cbd0a4dae0106dedb62e9fdbbc462a9592ae561bc
80fee52b4f3eadace0f2148e01dadaff6194323129d2ab6b67939cf90604b364,challenger-0.2.0,5c8bf3ec348a261ab2c0ce94bd8cc315f754a8dc991c15c20d0d961d06997984,49fadb583b0dee0ba78c242826cb3e521cee0c4af2da837cfd5df18936598793,159ec87beb47e140832d992a80618f94b5cef5681c9d11c24e999ce1cad03b10,c8df716c912e3f6e3b11d508f2988b51a9d4b5a7,d4b87e91-991a-4aa9-bfef-bc8de675e276,a73a76599a4f3422803e57bd8f61b626,2026_04_DET_CAR,2026,4,2026-10-05T00:20:00Z,totals,OVER,2026-09-23T13:00:24.484171Z,2026-09-23T13:00:21.551276Z,2026-09-22T18:51:43.097248Z,3ecdbfbaf3290a1d0f9b9aee517e61634d37a7bdde41367b8b77ffdf6363f311,,,,,,,,,,RETAIL_ONLY,2,,,,,,,,,MODELED_DEVELOPMENT_MARGIN_SHADOW_ONLY,INELIGIBLE_PINNACLE_TWO_SIDED_CONTRACT_MISSING,PASS,EXPERIMENTAL_SHADOW_NO_STAKES;INELIGIBLE_PINNACLE_TWO_SIDED_CONTRACT_MISSING;Challenger feature/game rows are missing or duplicated,local:challenger+the-odds-api,2026-09-23T13:00:24.484171Z,,1.1.0,d122f318431e34d4be5caf34fe48a28375b0e5ff669b8402ecfb75870ead60cd
b74f80d324af6e1b08567aa8a4fbb4edc87f884791d67f7dfd1d5e959e4258c2,1.1.2,6590a4bbb77802175afa4c406de831d596569cbf2e1f596de7df0910f43e8fd5,e51f21289a5f63ada7c1746ad6385412db3f6a4e7fc3ba4e33e43fbdb6e9bf14,241bade8665d15f1855e8ed5cb5a8f8bc3dbb5e66c87d76b45ab5d76f1caa9f7,c8df716c912e3f6e3b11d508f2988b51a9d4b5a7,d4b87e91-991a-4aa9-bfef-bc8de675e276,a73a76599a4f3422803e57bd8f61b626,2026_04_DET_CAR,2026,4,2026-10-05T00:20:00Z,totals,OVER,2026-09-23T13:00:21.951453Z,2026-09-23T13:00:21.551276Z,2026-09-22T18:51:43.097248Z,bb86d96ac8c5a37027060695827d4ca64ef6cc1d2ef5b5808941c85556f173d5,,,,,,,,,,RETAIL_ONLY,2,,,,,,,,,UNAVAILABLE_FOR_BETTING,INELIGIBLE_PINNACLE_TWO_SIDED_CONTRACT_MISSING,PASS,MODEL_LOCKED_UNTESTED_2026;UNCERTAINTY_UNAVAILABLE_FOR_BETTING;INELIGIBLE_PINNACLE_TWO_SIDED_CONTRACT_MISSING;Feature store does not contain exactly two rows for the game,local:v11-prospective-observer,2026-09-23T13:00:21.951453Z,,1.1.0,77477472567b621094ed9632ee1a27127a453873dd004d4080f46774f612a384
1f49242b3ca14a359dc750683457b57fdfca8652c6fcd13af74cb1571d9f8ae8,1.1.2,6590a4bbb77802175afa4c406de831d596569cbf2e1f596de7df0910f43e8fd5,e51f21289a5f63ada7c1746ad6385412db3f6a4e7fc3ba4e33e43fbdb6e9bf14,241bade8665d15f1855e8ed5cb5a8f8bc3dbb5e66c87d76b45ab5d76f1caa9f7,c8df716c912e3f6e3b11d508f2988b51a9d4b5a7,d4b87e91-991a-4aa9-bfef-bc8de675e276,8bd90781e17e6d97df3941063cedae1e,2026_04_ATL_NO,2026,4,2026-10-06T00:15:00Z,spreads,HOME,2026-09-23T13:00:21.951453Z,2026-09-23T13:00:21.551276Z,2026-09-22T18:51:43.097248Z,bb86d96ac8c5a37027060695827d4ca64ef6cc1d2ef5b5808941c85556f173d5,,,,,,,,,,RETAIL_ONLY,2,,,,,,,,,UNAVAILABLE_FOR_BETTING,INELIGIBLE_PINNACLE_TWO_SIDED_CONTRACT_MISSING,PASS,MODEL_LOCKED_UNTESTED_2026;UNCERTAINTY_UNAVAILABLE_FOR_BETTING;INELIGIBLE_PINNACLE_TWO_SIDED_CONTRACT_MISSING;Feature store does not contain exactly two rows for the game,local:v11-prospective-observer,2026-09-23T13:00:21.951453Z,,1.1.0,5f856d9b02325b980391f617a9af9640fe6ba2130e175b54996f9fe86a9801b7
6878e5ddf2a4f1e0ef4f502adf3b4aa3c68ab351d24a0d81dc170c2588afb925,challenger-0.2.0,5c8bf3ec348a261ab2c0ce94bd8cc315f754a8dc991c15c20d0d961d06997984,49fadb583b0dee0ba78c242826cb3e521cee0c4af2da837cfd5df18936598793,159ec87beb47e140832d992a80618f94b5cef5681c9d11c24e999ce1cad03b10,c8df716c912e3f6e3b11d508f2988b51a9d4b5a7,d4b87e91-991a-4aa9-bfef-bc8de675e276,8bd90781e17e6d97df3941063cedae1e,2026_04_ATL_NO,2026,4,2026-10-06T00:15:00Z,spreads,HOME,2026-09-23T13:00:24.484171Z,2026-09-23T13:00:21.551276Z,2026-09-22T18:51:43.097248Z,3ecdbfbaf3290a1d0f9b9aee517e61634d37a7bdde41367b8b77ffdf6363f311,,,,,,,,,,RETAIL_ONLY,2,,,,,,,,,MODELED_DEVELOPMENT_MARGIN_SHADOW_ONLY,INELIGIBLE_PINNACLE_TWO_SIDED_CONTRACT_MISSING,PASS,EXPERIMENTAL_SHADOW_NO_STAKES;INELIGIBLE_PINNACLE_TWO_SIDED_CONTRACT_MISSING;Challenger feature/game rows are missing or duplicated,local:challenger+the-odds-api,2026-09-23T13:00:24.484171Z,,1.1.0,b0fb81eed3792015459fbf86844599d000f244a2d70c6a996295b7edb37d6033
a049983a1ce33ceac1d45922991a51f9b3b1a88d3aa449582de40577f76f5a1e,challenger-0.2.0,5c8bf3ec348a261ab2c0ce94bd8cc315f754a8dc991c15c20d0d961d06997984,49fadb583b0dee0ba78c242826cb3e521cee0c4af2da837cfd5df18936598793,159ec87beb47e140832d992a80618f94b5cef5681c9d11c24e999ce1cad03b10,c8df716c912e3f6e3b11d508f2988b51a9d4b5a7,d4b87e91-991a-4aa9-bfef-bc8de675e276,8bd90781e17e6d97df3941063cedae1e,2026_04_ATL_NO,2026,4,2026-10-06T00:15:00Z,totals,OVER,2026-09-23T13:00:24.484171Z,2026-09-23T13:00:21.551276Z,2026-09-22T18:51:43.097248Z,3ecdbfbaf3290a1d0f9b9aee517e61634d37a7bdde41367b8b77ffdf6363f311,,,,,,,,,,RETAIL_ONLY,2,,,,,,,,,MODELED_DEVELOPMENT_MARGIN_SHADOW_ONLY,INELIGIBLE_PINNACLE_TWO_SIDED_CONTRACT_MISSING,PASS,EXPERIMENTAL_SHADOW_NO_STAKES;INELIGIBLE_PINNACLE_TWO_SIDED_CONTRACT_MISSING;Challenger feature/game rows are missing or duplicated,local:challenger+the-odds-api,2026-09-23T13:00:24.484171Z,,1.1.0,4aaf791e67eec6c157d7ff437b5987afb6a9a502492bc85bd7262fccc7e99b80
f5ed1c51e6d204435bf6ec83f216298d076306f0c9cbae45f15cffe1bcb23714,1.1.2,6590a4bbb77802175afa4c406de831d596569cbf2e1f596de7df0910f43e8fd5,e51f21289a5f63ada7c1746ad6385412db3f6a4e7fc3ba4e33e43fbdb6e9bf14,241bade8665d15f1855e8ed5cb5a8f8bc3dbb5e66c87d76b45ab5d76f1caa9f7,c8df716c912e3f6e3b11d508f2988b51a9d4b5a7,d4b87e91-991a-4aa9-bfef-bc8de675e276,8bd90781e17e6d97df3941063cedae1e,2026_04_ATL_NO,2026,4,2026-10-06T00:15:00Z,totals,OVER,2026-09-23T13:00:21.951453Z,2026-09-23T13:00:21.551276Z,2026-09-22T18:51:43.097248Z,bb86d96ac8c5a37027060695827d4ca64ef6cc1d2ef5b5808941c85556f173d5,,,,,,,,,,RETAIL_ONLY,2,,,,,,,,,UNAVAILABLE_FOR_BETTING,INELIGIBLE_PINNACLE_TWO_SIDED_CONTRACT_MISSING,PASS,MODEL_LOCKED_UNTESTED_2026;UNCERTAINTY_UNAVAILABLE_FOR_BETTING;INELIGIBLE_PINNACLE_TWO_SIDED_CONTRACT_MISSING;Feature store does not contain exactly two rows for the game,local:v11-prospective-observer,2026-09-23T13:00:21.951453Z,,1.1.0,445234c273d8defde7a5a8d61c319e82ce18959c87274335644c47b5ac525c10
